uid,name
884144787915084,一切亦虚幻
875279975366633,吉爾伽美什
77199460376009,大薯片
881533448941846,禅语风眠
1071817679858757,结城明日奈
1193519871950916,泽布伦
971074926283112,杭州墨菲特
1266774834703647,窝咬艳排
434925569544468,一嘻
437468191145768,猫鼠鼠
1210631021810945,似似花如雨
885038145039856,caicai
351019089070769,美团棋手
1267049712732182,迷人得被修理
987155283421707,墨染流年
330197085749449,懒羊羊的口水巾
677711479571691,路过的家伙
352118599811733,想你的凤
945923597356157,拍完你的拍你的
1065151891328546,半城烟雨半城傷
437193312963104,虚怀若谷
1230009915660715,邪恶带特欧
356310487378963,HOB
352530915689715,垃圾回收
1059860490667972,拍卖行小白
945030244812409,王昭昱
737841022035942,呜呜呜
799894709269702,等待邂逅
86723979687585,歌姬大意食精粥
1267324591059545,慈善赌怪
135995844484294,yufu
432382948379348,mariacarla
237975548048136,你懂拍卖吗
1071336642960215,橘光里
1204240110509097,万丽娜
358028475701442,尽在掌握之中
1065701645822192,独自静静
1047353545125967,hafuekxiaobin
316109594013244,傲阳
720936031029936,lijday
1061990795586045,菜下丽合
1048934095588904,NO
1283611106628871,给我擦皮鞋
987567600269332,一般
970525170382741,我从来不会赌博
962210113318135,有丶小凡
673382152662924,FROG
358853108616442,应是如此
436574837460737,绯绯不会飞
913762882518538,叶子也吃鱼
437880508375710,NESY
1194138347251594,半圣奶
315078800991564,韩金龙的媳妇
1230971987355455,DarkCity
