map_id,tier,nest_drop_id,quality_group,prob_in_group,avg_price_per_item,avg_price_per_cell
2101,101,2001,q1,0.29365701,202.7718,118.4634
2101,101,2001,q2,0.31323414,606.3839,291.5937
2101,101,2001,q3,0.29365701,2269.1077,917.4746
2101,101,2001,q4,0.07830854,6931.1108,2444.4747
2101,101,2001,q5,0.01957713,32629.7684,9587.4375
2101,101,2001,q6,0.00156617,68072.2211,64551.3821
2101,101,2001,q1+q2,0.60689115,411.0877,216.1856
2101,101,2001,q1+q2+q3,0.90054816,1016.9638,487.0607
2101,101,2001,q1+q2+q3+q4,0.9788567,1490.0956,693.7912
2101,101,2001,q1+q2+q3+q4+q5,0.99843383,2100.6774,966.9944
2101,101,2001,q2+q3,0.60689115,1410.9277,621.5455
2101,101,2001,q2+q3+q4,0.68519969,2041.8058,874.5672
2101,101,2001,q2+q3+q4+q5,0.70477682,2891.4714,1222.9537
2101,101,2001,q2+q3+q5+q6,0.62803446,2550.3212,1107.7135
2101,101,2001,q2+q3+q4+q5+q6,0.70634299,3035.9963,1285.66
2101,101,2001,q3+q4,0.37196554,3250.582,1275.0056
2101,101,2001,q3+q4+q5,0.39154268,4719.5413,1820.6976
2101,101,2001,q3+q5+q6,0.31480031,4484.5871,1776.7784
2101,101,2001,q3+q4+q5+q6,0.39310885,4971.9425,1922.6122
2101,101,2001,q4+q5,0.09788567,12070.8423,4093.1803
2101,101,2001,q4+q5+q6,0.09945184,12952.7538,4437.1223
2101,101,2001,q5+q6,0.0211433,35255.1353,10916.9326
2101,101,2001,all,1.0,2204.0001,1015.3747
2102,101,2002,q1,0.29358995,205.5845,121.2219
2102,101,2002,q2,0.31316262,574.9494,309.9853
2102,101,2002,q3,0.29358995,2180.0568,885.8253
2102,101,2002,q4,0.07829065,6407.6508,2385.826
2102,101,2002,q5,0.01957266,34103.8254,10313.8838
2102,101,2002,q6,0.00179416,63476.0236,59911.2066
2102,101,2002,q1+q2,0.60675257,396.2244,222.8595
2102,101,2002,q1+q2+q3,0.90034252,977.9089,488.7901
2102,101,2002,q1+q2+q3+q4,0.97863318,1412.2882,687.0858
2102,101,2002,q1+q2+q3+q4+q5,0.99820584,2053.2988,987.1593
2102,101,2002,q2+q3,0.60675257,1351.6143,629.2063
2102,101,2002,q2+q3+q4,0.68504322,1929.447,873.2249
2102,101,2002,q2+q3+q4+q5,0.70461589,2823.1797,1260.3269
2102,101,2002,q2+q3+q5+q6,0.62811939,2549.6495,1168.9661
2102,101,2002,q2+q3+q4+q5+q6,0.70641005,2977.2276,1330.8785
2102,101,2002,q3+q4,0.37188061,3070.0766,1223.9452
2102,101,2002,q3+q4+q5,0.39145327,4621.764,1813.6959
2102,101,2002,q3+q5+q6,0.31495678,4513.1008,1801.2
2102,101,2002,q3+q4+q5+q6,0.39324743,4890.282,1924.198
2102,101,2002,q4+q5,0.09786332,11946.8858,4251.7249
2102,101,2002,q4+q5+q6,0.09965748,12874.5789,4633.8458
2102,101,2002,q5+q6,0.02136682,36570.1932,11729.0849
2102,101,2002,all,1.0,2163.501,1041.0573
2103,101,2003,q1,0.29359203,202.0681,126.0216
2103,101,2003,q2,0.31316484,595.8032,292.9362
2103,101,2003,q3,0.29359203,2132.5781,876.527
2103,101,2003,q4,0.07829121,6153.6252,2363.1575
2103,101,2003,q5,0.0195728,29183.5755,9662.4932
2103,101,2003,q6,0.00178708,70788.7193,64126.501
2103,101,2003,q1+q2,0.60675687,405.2862,222.0
2103,101,2003,q1+q2+q3,0.90034891,968.5336,478.6026
2103,101,2003,q1+q2+q3+q4,0.97864012,1383.3409,668.25
2103,101,2003,q1+q2+q3+q4+q5,0.99821292,1928.4435,923.2629
2103,101,2003,q2+q3,0.60675687,1339.404,601.4369
2103,101,2003,q2+q3+q4,0.68504808,1889.6007,832.3902
2103,101,2003,q2+q3+q4+q5,0.70462088,2647.7666,1155.7612
2103,101,2003,q2+q3+q5+q6,0.62811676,2404.6519,1069.4324
2103,101,2003,q2+q3+q4+q5+q6,0.70640797,2820.1507,1232.6233
2103,101,2003,q3+q4,0.37188324,2979.1143,1206.6146
2103,101,2003,q3+q4+q5,0.39145605,4289.3374,1718.105
2103,101,2003,q3+q5+q6,0.31495192,4203.2369,1707.2842
2103,101,2003,q3+q4+q5+q6,0.39324313,4591.5419,1843.828
2103,101,2003,q4+q5,0.09786401,10759.6153,4003.9556
2103,101,2003,q4+q5+q6,0.09965109,11836.1406,4451.599
2103,101,2003,q5+q6,0.02135988,32664.484,11421.3157
2103,101,2003,all,1.0,2051.5025,983.007
2104,101,2004,q1,0.2936773,200.2924,121.9434
2104,101,2004,q2,0.31325579,673.4289,308.0987
2104,101,2004,q3,0.2936773,2288.8797,939.9364
2104,101,2004,q4,0.07831395,7034.0172,2439.9106
2104,101,2004,q5,0.01957849,33556.0624,9427.8582
2104,101,2004,q6,0.00149718,64881.3742,62774.3502
2104,101,2004,q1+q2,0.60693309,444.4919,231.158
2104,101,2004,q1+q2+q3,0.90061039,1045.9227,500.4581
2104,101,2004,q1+q2+q3+q4,0.97892433,1524.9703,708.1791
2104,101,2004,q1+q2+q3+q4+q5,0.99850282,2153.0309,987.2057
2104,101,2004,q2+q3,0.60693309,1455.0986,630.8884
2104,101,2004,q2+q3+q4,0.68524703,2092.6893,882.1314
2104,101,2004,q2+q3+q4+q5,0.70482552,2966.6719,1233.3994
2104,101,2004,q2+q3+q5+q6,0.62800875,2607.071,1112.9674
2104,101,2004,q2+q3+q4+q5+q6,0.7063227,3097.9113,1289.5213
2104,101,2004,q3+q4,0.37199125,3287.856,1299.8521
2104,101,2004,q3+q4+q5,0.39156973,4801.2663,1860.3073
2104,101,2004,q3+q5+q6,0.31475297,4531.5154,1813.768
2104,101,2004,q3+q4+q5+q6,0.39306691,5030.1094,1953.4361
2104,101,2004,q4+q5,0.09789243,12338.4263,4088.0504
2104,101,2004,q4+q5+q6,0.09938961,13129.9191,4393.8148
2104,101,2004,q5+q6,0.02107567,35781.3578,10586.7466
2104,101,2004,all,1.0,2246.9464,1031.0799
2105,101,2005,q1,0.29360255,202.8659,124.5622
2105,101,2005,q2,0.31317606,623.3103,299.6195
2105,101,2005,q3,0.29360255,2213.4567,891.6562
2105,101,2005,q4,0.07829401,6398.4263,2374.8453
2105,101,2005,q5,0.0195735,30602.9121,9531.5514
2105,101,2005,q6,0.00175131,69063.9819,64126.131
2105,101,2005,q1+q2,0.60677861,419.8695,225.5215
2105,101,2005,q1+q2+q3,0.90038117,1004.7349,486.7539
2105,101,2005,q1+q2+q3+q4,0.97867518,1436.2302,679.2095
2105,101,2005,q1+q2+q3+q4+q5,0.99824869,2008.1259,940.11
2105,101,2005,q2+q3,0.60677861,1392.736,612.2212
2105,101,2005,q2+q3+q4,0.68507263,1964.8149,845.8759
2105,101,2005,q2+q3+q4+q5,0.70464613,2760.3176,1175.864
2105,101,2005,q2+q3+q5+q6,0.62810343,2491.6936,1083.0096
2105,101,2005,q2+q3+q4+q5+q6,0.70639745,2924.6988,1247.5625
2105,101,2005,q3+q4,0.37189657,3094.5029,1224.5718
2105,101,2005,q3+q4+q5,0.39147007,4469.9234,1745.2508
2105,101,2005,q3+q5+q6,0.31492737,4349.6868,1726.1624
2105,101,2005,q3+q4+q5+q6,0.39322139,4757.6098,1862.3827
2105,101,2005,q4+q5,0.09786752,11239.3235,4017.5753
2105,101,2005,q4+q5+q6,0.09961883,12255.8893,4428.839
2105,101,2005,q5+q6,0.02132482,33761.5507,11122.3656
2105,101,2005,all,1.0,2125.5617,995.9527
2106,101,2006,q1,0.29368001,196.0785,123.4552
2106,101,2006,q2,0.31325867,620.6443,293.417
2106,101,2006,q3,0.29368001,2142.1967,890.2979
2106,101,2006,q4,0.07831467,6937.8525,2281.4676
2106,101,2006,q5,0.01957867,32350.717,8933.7885
2106,101,2006,q6,0.00148798,67338.9308,65827.173
2106,101,2006,q1+q2,0.60693868,415.2092,223.2017
2106,101,2006,q1+q2+q3,0.90061869,978.3573,479.9967
2106,101,2006,q1+q2+q3+q4,0.97893335,1455.1169,686.8702
2106,101,2006,q1+q2+q3+q4+q5,0.99851202,2060.913,959.484
2106,101,2006,q2+q3,0.60693868,1356.8793,601.4533
2106,101,2006,q2+q3+q4,0.68525335,1994.7048,850.3627
2106,101,2006,q2+q3+q4+q5,0.70483202,2837.9274,1191.8356
2106,101,2006,q2+q3+q5+q6,0.62800533,2479.478,1080.0814
2106,101,2006,q2+q3+q4+q5+q6,0.70631999,2973.8093,1250.404
2106,101,2006,q3+q4,0.37199467,3151.8085,1240.9672
2106,101,2006,q3+q4+q5,0.39157334,4611.7539,1777.9445
2106,101,2006,q3+q5+q6,0.31474665,4329.5239,1749.1633
2106,101,2006,q3+q4+q5+q6,0.39306132,4849.2148,1873.7875
2106,101,2006,q4+q5,0.09789334,12020.4254,3807.5455
2106,101,2006,q4+q5+q6,0.09938131,12848.6772,4111.5117
2106,101,2006,q5+q6,0.02106665,34822.0034,10129.5998
2106,101,2006,all,1.0,2158.0453,1005.4887
2107,101,2007,q1,0.29369108,203.0773,107.5886
2107,101,2007,q2,0.31327049,572.9796,266.0361
2107,101,2007,q3,0.29369108,2382.9009,982.5046
2107,101,2007,q4,0.07831762,7586.5817,2670.8172
2107,101,2007,q5,0.01957941,33342.8368,9763.434
2107,101,2007,q6,0.00145033,70629.814,69121.7651
2107,101,2007,q1+q2,0.60696157,393.9947,194.5706
2107,101,2007,q1+q2+q3,0.90065265,1042.551,483.6688
2107,101,2007,q1+q2+q3+q4,0.97897027,1566.0735,708.5313
2107,101,2007,q1+q2+q3+q4+q5,0.99854967,2189.1473,979.9524
2107,101,2007,q2+q3,0.60696157,1448.748,633.9783
2107,101,2007,q2+q3+q4,0.68527919,2150.2147,915.5143
2107,101,2007,q2+q3+q4+q5,0.70485859,3016.6764,1268.436
2107,101,2007,q2+q3+q5+q6,0.6279913,2602.9079,1123.1631
2107,101,2007,q2+q3+q4+q5+q6,0.70630892,3155.5124,1328.3688
2107,101,2007,q3+q4,0.3720087,3478.4126,1384.307
2107,101,2007,q3+q4+q5,0.39158811,4971.6338,1943.6671
2107,101,2007,q3+q5+q6,0.31472081,4623.4817,1863.9773
2107,101,2007,q3+q4+q5+q6,0.39303843,5213.915,2042.9142
2107,101,2007,q4+q5,0.09789703,12737.8327,4309.9439
2107,101,2007,q4+q5+q6,0.09934735,13582.9712,4640.2229
2107,101,2007,q5+q6,0.02102973,35914.3525,11050.5
2107,101,2007,all,1.0,2288.4086,1025.1926
2201,102,2011,q1,0.19455253,202.7718,118.4634
2201,102,2011,q2,0.29182879,606.3839,291.5937
2201,102,2011,q3,0.32101167,2269.1077,917.4746
2201,102,2011,q4,0.1459144,6931.1108,2444.4747
2201,102,2011,q5,0.03891051,32629.7684,9587.4375
2201,102,2011,q6,0.0077821,107696.3702,49004.172
2201,102,2011,q1+q2,0.48638132,444.9391,230.2516
2201,102,2011,q1+q2+q3,0.807393,1170.2109,544.9372
2201,102,2011,q1+q2+q3+q4,0.95330739,2051.9813,910.887
2201,102,2011,q1+q2+q3+q4+q5,0.9922179,3251.1102,1414.8471
2201,102,2011,q2+q3,0.61284047,1477.3345,646.3227
2201,102,2011,q2+q3+q4,0.75875486,2526.1376,1056.3167
2201,102,2011,q2+q3+q4+q5,0.79766537,3994.6074,1636.5836
2201,102,2011,q2+q3+q5+q6,0.65953307,4568.5581,1943.5283
2201,102,2011,q2+q3+q4+q5+q6,0.80544747,4996.5568,2049.0524
2201,102,2011,q3+q4,0.46692607,3725.9837,1440.6058
2201,102,2011,q3+q4+q5,0.50583658,5949.3517,2245.6775
2201,102,2011,q3+q5+q6,0.36770428,7713.1408,3006.1222
2201,102,2011,q3+q4+q5+q6,0.51361868,7490.9732,2834.9082
2201,102,2011,q4+q5,0.1848249,12341.3545,4176.4431
2201,102,2011,q4+q5+q6,0.192607,16194.0824,5537.5858
2201,102,2011,q5+q6,0.04669261,45140.8687,14095.7755
2201,102,2011,all,1.0,4063.9138,1769.1703
2202,102,2012,q1,0.19455253,198.5598,124.8254
2202,102,2012,q2,0.29182879,606.7953,285.5217
2202,102,2012,q3,0.32101167,2153.5439,896.7194
2202,102,2012,q4,0.1459144,6287.3354,2360.7516
2202,102,2012,q5,0.03891051,29135.1929,9313.2335
2202,102,2012,q6,0.0077821,107243.3531,54518.4627
2202,102,2012,q1+q2,0.48638132,443.5011,232.0283
2202,102,2012,q1+q2+q3,0.807393,1123.3976,533.352
2202,102,2012,q1+q2+q3+q4,0.95330739,1913.7963,873.2619
2202,102,2012,q1+q2+q3+q4+q5,0.9922179,2981.302,1337.9345
2202,102,2012,q2+q3,0.61284047,1416.997,624.2336
2202,102,2012,q2+q3+q4,0.75875486,2353.6005,1003.4054
2202,102,2012,q2+q3+q4+q5,0.79766537,3660.0196,1535.3746
2202,102,2012,q2+q3+q5+q6,0.65953307,4300.9773,1856.2322
2202,102,2012,q2+q3+q4+q5+q6,0.80544747,4660.8248,1958.5191
2202,102,2012,q3+q4,0.46692607,3445.3538,1387.3754
2202,102,2012,q3+q4+q5,0.50583658,5421.4952,2140.3654
2202,102,2012,q3+q5+q6,0.36770428,7232.8678,2929.1241
2202,102,2012,q3+q4+q5+q6,0.51361868,6964.2507,2758.7718
2202,102,2012,q4+q5,0.1848249,11097.4107,4019.0677
2202,102,2012,q4+q5+q6,0.192607,14982.0952,5489.7449
2202,102,2012,q5+q6,0.04669261,42153.2196,14363.1312
2202,102,2012,all,1.0,3792.6799,1703.6148
2203,102,2013,q1,0.19455253,203.9051,123.8238
2203,102,2013,q2,0.29182879,709.3884,313.7582
2203,102,2013,q3,0.32101167,2422.6606,879.5383
2203,102,2013,q4,0.1459144,7355.16,2272.1053
2203,102,2013,q5,0.03891051,35185.2832,8806.1661
2203,102,2013,q6,0.0077821,99091.6783,49477.597
2203,102,2013,q1+q2,0.48638132,507.1951,251.6775
2203,102,2013,q1+q2+q3,0.807393,1268.7657,549.4488
2203,102,2013,q1+q2+q3+q4,0.95330739,2200.3567,897.6647
2203,102,2013,q1+q2+q3+q4+q5,0.9922179,3493.8832,1391.0083
2203,102,2013,q2+q3,0.61284047,1606.8167,637.7637
2203,102,2013,q2+q3+q4,0.75875486,2712.2673,1020.6185
2203,102,2013,q2+q3+q4+q5,0.79766537,4296.3169,1577.9358
2203,102,2013,q2+q3+q5+q6,0.65953307,4738.111,1822.0407
2203,102,2013,q2+q3+q4+q5+q6,0.80544747,5212.2141,1919.2266
2203,102,2013,q3+q4,0.46692607,3964.0667,1364.422
2203,102,2013,q3+q4+q5,0.50583658,6365.6987,2129.5863
2203,102,2013,q3+q5+q6,0.36770428,7935.5099,2765.0936
2203,102,2013,q3+q4+q5+q6,0.51361868,7770.6378,2612.659
2203,102,2013,q4+q5,0.1848249,13214.1333,3890.1557
2203,102,2013,q4+q5+q6,0.192607,16683.9331,4994.4598
2203,102,2013,q5+q6,0.04669261,45836.349,12511.9703
2203,102,2013,all,1.0,4237.8349,1689.8603
2204,102,2014,q1,0.19455253,203.5139,106.1285
2204,102,2014,q2,0.29182879,566.2758,264.8608
2204,102,2014,q3,0.32101167,2403.871,1008.0567
2204,102,2014,q4,0.1459144,7633.175,2745.9013
2204,102,2014,q5,0.03891051,33481.899,9988.3097
2204,102,2014,q6,0.0077821,119288.4534,42807.0
2204,102,2014,q1+q2,0.48638132,421.1711,205.4638
2204,102,2014,q1+q2+q3,0.807393,1209.4735,554.0496
2204,102,2014,q1+q2+q3+q4,0.95330739,2192.6931,964.106
2204,102,2014,q1+q2+q3+q4+q5,0.9922179,3419.7208,1476.1849
2204,102,2014,q2+q3,0.61284047,1528.8257,674.3208
2204,102,2014,q2+q3+q4,0.75875486,2702.739,1142.4247
2204,102,2014,q2+q3+q4+q5,0.79766537,4204.1615,1741.6434
2204,102,2014,q2+q3+q5+q6,0.65953307,4803.4569,2055.0925
2204,102,2014,q2+q3+q4+q5+q6,0.80544747,5316.087,2198.996
2204,102,2014,q3+q4,0.46692607,4038.0285,1609.9605
2204,102,2014,q3+q4+q5,0.50583658,6302.9416,2449.5771
2204,102,2014,q3+q5+q6,0.36770428,8166.299,3272.3547
2204,102,2014,q3+q4+q5+q6,0.51361868,8014.8433,3110.9785
2204,102,2014,q4+q5,0.1848249,13075.0116,4508.1271
2204,102,2014,q4+q5+q6,0.192607,17366.4638,5997.2711
2204,102,2014,q5+q6,0.04669261,47782.9914,14666.9567
2204,102,2014,all,1.0,4321.423,1862.4801
2205,102,2015,q1,0.19455253,203.5139,106.1285
2205,102,2015,q2,0.29182879,566.2758,264.8608
2205,102,2015,q3,0.32101167,2403.871,1008.0567
2205,102,2015,q4,0.1459144,7633.175,2745.9013
2205,102,2015,q5,0.03891051,33481.899,9988.3097
2205,102,2015,q6,0.0077821,119288.4534,42807.0
2205,102,2015,q1+q2,0.48638132,421.1711,205.4638
2205,102,2015,q1+q2+q3,0.807393,1209.4735,554.0496
2205,102,2015,q1+q2+q3+q4,0.95330739,2192.6931,964.106
2205,102,2015,q1+q2+q3+q4+q5,0.9922179,3419.7208,1476.1849
2205,102,2015,q2+q3,0.61284047,1528.8257,674.3208
2205,102,2015,q2+q3+q4,0.75875486,2702.739,1142.4247
2205,102,2015,q2+q3+q4+q5,0.79766537,4204.1615,1741.6434
2205,102,2015,q2+q3+q5+q6,0.65953307,4803.4569,2055.0925
2205,102,2015,q2+q3+q4+q5+q6,0.80544747,5316.087,2198.996
2205,102,2015,q3+q4,0.46692607,4038.0285,1609.9605
2205,102,2015,q3+q4+q5,0.50583658,6302.9416,2449.5771
2205,102,2015,q3+q5+q6,0.36770428,8166.299,3272.3547
2205,102,2015,q3+q4+q5+q6,0.51361868,8014.8433,3110.9785
2205,102,2015,q4+q5,0.1848249,13075.0116,4508.1271
2205,102,2015,q4+q5+q6,0.192607,17366.4638,5997.2711
2205,102,2015,q5+q6,0.04669261,47782.9914,14666.9567
2205,102,2015,all,1.0,4321.423,1862.4801
2301,103,2021,q1,0.10699588,202.7718,118.4634
2301,103,2021,q2,0.20576132,606.3839,291.5937
2301,103,2021,q3,0.24691358,2269.1077,917.4746
2301,103,2021,q4,0.32921811,6931.1108,2444.4747
2301,103,2021,q5,0.08230453,32629.7684,9587.4375
2301,103,2021,q6,0.02880658,158161.8005,43120.78
2301,103,2021,q1+q2,0.3127572,468.3061,239.702
2301,103,2021,q1+q2+q3,0.55967078,1262.7774,578.487
2301,103,2021,q1+q2+q3+q4,0.88888889,3362.1601,1386.7027
2301,103,2021,q1+q2+q3+q4+q5,0.97119342,5842.4659,2329.9757
2301,103,2021,q2+q3,0.4526749,1513.3242,659.6091
2301,103,2021,q2+q3+q4,0.781893,3794.4975,1504.4844
2301,103,2021,q2+q3+q4+q5,0.86419753,6540.7138,2509.8145
2301,103,2021,q2+q3+q5+q6,0.56378601,14059.8075,5565.2147
2301,103,2021,q2+q3+q4+q5+q6,0.89300412,11431.7166,4329.6921
2301,103,2021,q3+q4,0.57613169,4933.1095,1840.5841
2301,103,2021,q3+q4+q5,0.65843621,8395.1918,3030.113
2301,103,2021,q3+q5+q6,0.35802469,21791.6602,7829.8069
2301,103,2021,q3+q4+q5+q6,0.6872428,14672.8341,5224.9997
2301,103,2021,q4+q5,0.41152263,12070.8423,4093.1803
2301,103,2021,q4+q5+q6,0.44032922,21628.1947,7218.9232
2301,103,2021,q5+q6,0.11111111,65175.1101,18771.8514
2301,103,2021,all,1.0,10230.2657,4026.1608
2302,103,2022,q1,0.10699588,200.266,124.7558
2302,103,2022,q2,0.20576132,620.8273,289.1314
2302,103,2022,q3,0.24691358,2192.3983,886.5569
2302,103,2022,q4,0.32921811,6313.3031,2361.3603
2302,103,2022,q5,0.08230453,29534.1412,9341.3018
2302,103,2022,q6,0.02880658,150664.8123,46179.9162
2302,103,2022,q1+q2,0.3127572,476.9511,243.1177
2302,103,2022,q1+q2+q3,0.55967078,1233.766,564.057
2302,103,2022,q1+q2+q3+q4,0.88888889,3115.076,1315.8155
2302,103,2022,q1+q2+q3+q4+q5,0.97119342,5353.9799,2199.0114
2302,103,2022,q2+q3,0.4526749,1478.0478,635.752
2302,103,2022,q2+q3+q4,0.781893,3513.9448,1421.6685
2302,103,2022,q2+q3+q4+q5,0.86419753,5992.0587,2361.4806
2302,103,2022,q2+q3+q5+q6,0.56378601,13196.5093,5289.2856
2302,103,2022,q2+q3+q4+q5+q6,0.89300412,10658.9217,4162.3279
2302,103,2022,q3+q4,0.57613169,4547.201,1757.3087
2302,103,2022,q3+q4+q5,0.65843621,7670.5685,2884.3732
2302,103,2022,q3+q5+q6,0.35802469,20423.9127,7579.0109
2302,103,2022,q3+q4+q5+q6,0.6872428,13664.3392,5089.8259
2302,103,2022,q4+q5,0.41152263,10957.4707,3954.0463
2302,103,2022,q4+q5+q6,0.44032922,20097.2033,7168.9972
2302,103,2022,q5+q6,0.11111111,60938.3892,19115.9516
2302,103,2022,all,1.0,9539.8886,3880.2614
2303,103,2023,q1,0.10699588,204.8972,122.9694
2303,103,2023,q2,0.20576132,704.3946,308.7833
2303,103,2023,q3,0.24691358,2424.3848,874.3824
2303,103,2023,q4,0.32921811,7124.5113,2311.5981
2303,103,2023,q5,0.08230453,34142.6359,8969.1736
2303,103,2023,q6,0.02880658,175751.7972,39880.6303
2303,103,2023,q1+q2,0.3127572,533.5139,257.6345
2303,103,2023,q1+q2+q3,0.55967078,1367.7217,574.5611
2303,103,2023,q1+q2+q3+q4,0.88888889,3499.866,1325.5469
2303,103,2023,q1+q2+q3+q4+q5,0.97119342,6096.7109,2225.7583
2303,103,2023,q2+q3,0.4526749,1642.5711,644.3278
2303,103,2023,q2+q3+q4,0.781893,3950.7565,1424.4082
2303,103,2023,q2+q3+q4+q5,0.86419753,6826.1735,2376.8026
2303,103,2023,q2+q3+q5+q6,0.56378601,15283.1979,5404.7091
2303,103,2023,q2+q3+q4+q5+q6,0.89300412,12275.3872,4201.7227
2303,103,2023,q3+q4,0.57613169,5110.1714,1732.569
2303,103,2023,q3+q4+q5,0.65843621,8739.2295,2859.1108
2303,103,2023,q3+q5+q6,0.35802469,23661.8206,7531.1214
2303,103,2023,q3+q4+q5+q6,0.6872428,15739.7563,5055.7717
2303,103,2023,q4+q5,0.41152263,12528.1363,3882.2974
2303,103,2023,q4+q5+q6,0.44032922,23206.3197,7023.3139
2303,103,2023,q5+q6,0.11111111,70856.1222,17882.6044
2303,103,2023,all,1.0,10983.8945,3940.8284
2304,103,2024,q1,0.10699588,204.6088,123.6179
2304,103,2024,q2,0.20576132,559.2981,302.9399
2304,103,2024,q3,0.24691358,2090.9797,873.7635
2304,103,2024,q4,0.32921811,6223.2765,2385.0114
2304,103,2024,q5,0.08230453,31798.8452,10319.8332
2304,103,2024,q6,0.02880658,150379.6202,46961.3701
2304,103,2024,q1+q2,0.3127572,437.957,245.923
2304,103,2024,q1+q2+q3,0.55967078,1167.2318,569.1148
2304,103,2024,q1+q2+q3+q4,0.88888889,3039.8409,1346.3951
2304,103,2024,q1+q2+q3+q4+q5,0.97119342,5477.0447,2353.1302
2304,103,2024,q2+q3,0.4526749,1394.7608,650.3867
2304,103,2024,q2+q3+q4,0.781893,3427.82,1464.7409
2304,103,2024,q2+q3+q4+q5,0.86419753,6129.8224,2542.6457
2304,103,2024,q2+q3+q5+q6,0.56378601,13445.6784,5757.5435
2304,103,2024,q2+q3+q4+q5+q6,0.89300412,10783.0417,4425.9299
2304,103,2024,q3+q4,0.57613169,4452.2922,1769.1364
2304,103,2024,q3+q4+q5,0.65843621,7870.6113,3042.0962
2304,103,2024,q3+q5+q6,0.35802469,20851.644,7969.6061
2304,103,2024,q3+q4+q5+q6,0.6872428,13844.0428,5298.1211
2304,103,2024,q4+q5,0.41152263,11338.3902,4193.6122
2304,103,2024,q4+q5+q6,0.44032922,20434.5455,7467.8413
2304,103,2024,q5+q6,0.11111111,62542.0091,20092.7295
2304,103,2024,all,1.0,9651.1929,4102.086
2305,103,2025,q1,0.10699588,203.8344,108.6983
2305,103,2025,q2,0.20576132,582.5381,270.1831
2305,103,2025,q3,0.24691358,2390.849,981.3909
2305,103,2025,q4,0.32921811,7422.8433,2689.7139
2305,103,2025,q5,0.08230453,32943.9985,9900.3812
2305,103,2025,q6,0.02880658,158495.009,42942.8484
2305,103,2025,q1+q2,0.3127572,452.9816,219.8935
2305,103,2025,q1+q2+q3,0.55967078,1307.9231,587.5755
2305,103,2025,q1+q2+q3+q4,0.88888889,3572.7083,1474.102
2305,103,2025,q1+q2+q3+q4+q5,0.97119342,6061.8007,2424.4757
2305,103,2025,q2+q3,0.4526749,1568.8895,679.5062
2305,103,2025,q2+q3+q4,0.781893,4033.7121,1614.3258
2305,103,2025,q2+q3+q4+q5,0.86419753,6787.0727,2633.0612
2305,103,2025,q2+q3+q5+q6,0.56378601,14167.3203,5603.7378
2305,103,2025,q2+q3+q4+q5+q6,0.89300412,11680.8771,4469.3606
2305,103,2025,q3+q4,0.57613169,5266.2743,2009.2164
2305,103,2025,q3+q4+q5,0.65843621,8725.9898,3220.6712
2305,103,2025,q3+q5+q6,0.35802469,21974.6663,8013.9716
2305,103,2025,q3+q4+q5+q6,0.6872428,15003.7331,5454.8927
2305,103,2025,q4+q5,0.41152263,12527.0743,4359.8492
2305,103,2025,q4+q5+q6,0.44032922,22076.3784,7542.9246
2305,103,2025,q5+q6,0.11111111,65494.2605,19140.6632
2305,103,2025,all,1.0,10452.8808,4124.1584
2306,103,2026,q1,0.10699588,202.5428,117.1593
2306,103,2026,q2,0.20576132,691.4023,296.2882
2306,103,2026,q3,0.24691358,2539.7276,940.5706
2306,103,2026,q4,0.32921811,7331.1834,2514.0722
2306,103,2026,q5,0.08230453,34273.5417,9568.8729
2306,103,2026,q6,0.02880658,174168.7262,40225.5673
2306,103,2026,q1+q2,0.3127572,524.1609,246.4722
2306,103,2026,q1+q2+q3,0.55967078,1413.3815,593.9356
2306,103,2026,q1+q2+q3+q4,0.88888889,3605.16,1398.2463
2306,103,2026,q1+q2+q3+q4+q5,0.97119342,6204.1754,2329.4364
2306,103,2026,q2+q3,0.4526749,1699.5798,670.8323
2306,103,2026,q2+q3+q4,0.781893,4070.7813,1510.7182
2306,103,2026,q2+q3+q4+q5,0.86419753,6947.2347,2499.8211
2306,103,2026,q2+q3+q5+q6,0.56378601,15267.1948,5495.0667
2306,103,2026,q2+q3+q4+q5+q6,0.89300412,12341.4763,4362.3089
2306,103,2026,q3+q4,0.57613169,5277.7024,1869.1742
2306,103,2026,q3+q4+q5,0.65843621,8902.1823,3050.4414
2306,103,2026,q3+q5+q6,0.35802469,23644.0871,7793.0996
2306,103,2026,q3+q4+q5+q6,0.6872428,15829.5225,5316.399
2306,103,2026,q4+q5,0.41152263,12719.6551,4171.4699
2306,103,2026,q4+q5+q6,0.44032922,23281.7439,7431.1824
2306,103,2026,q5+q6,0.11111111,70542.6636,18683.2982
2306,103,2026,all,1.0,11042.6604,4072.7019
2307,103,2027,q1,0.10699588,210.6227,110.9676
2307,103,2027,q2,0.20576132,510.6153,245.5999
2307,103,2027,q3,0.24691358,2255.4037,996.6412
2307,103,2027,q4,0.32921811,7676.3926,2841.808
2307,103,2027,q5,0.08230453,30055.1311,10248.3609
2307,103,2027,q6,0.02880658,140960.7695,47760.3436
2307,103,2027,q1+q2,0.3127572,407.9863,202.2605
2307,103,2027,q1+q2+q3,0.55967078,1223.0234,575.3763
2307,103,2027,q1+q2+q3+q4,0.88888889,3613.1601,1544.8764
2307,103,2027,q1+q2+q3+q4+q5,0.97119342,5854.0051,2450.266
2307,103,2027,q2+q3,0.4526749,1462.3181,670.9757
2307,103,2027,q2+q3+q4,0.781893,4078.7705,1700.1149
2307,103,2027,q2+q3+q4+q5,0.86419753,6552.7096,2674.6517
2307,103,2027,q2+q3+q5+q6,0.56378601,12764.1095,5480.9675
2307,103,2027,q2+q3+q4+q5+q6,0.89300412,10888.4535,4415.2394
2307,103,2027,q3+q4,0.57613169,5353.1117,2129.8099
2307,103,2027,q3+q4+q5,0.65843621,8440.8641,3289.7218
2307,103,2027,q3+q5+q6,0.35802469,19806.3475,8011.1682
2307,103,2027,q3+q4+q5+q6,0.6872428,13995.5907,5420.4634
2307,103,2027,q4+q5,0.41152263,12152.1403,4422.9428
2307,103,2027,q4+q5+q6,0.44032922,20578.8731,7453.7837
2307,103,2027,q5+q6,0.11111111,58808.4448,20019.6517
2307,103,2027,all,1.0,9745.9695,4051.8255
2308,103,2028,q1,0.10699588,202.54,119.1354
2308,103,2028,q2,0.20576132,565.313,302.1118
2308,103,2028,q3,0.24691358,2157.5958,887.9107
2308,103,2028,q4,0.32921811,6563.6492,2364.087
2308,103,2028,q5,0.08230453,34456.0501,10074.1635
2308,103,2028,q6,0.02880658,150571.2696,45896.985
2308,103,2028,q1+q2,0.3127572,441.2064,243.4024
2308,103,2028,q1+q2+q3,0.55967078,1198.437,574.7889
2308,103,2028,q1+q2+q3+q4,0.88888889,3185.5527,1360.7215
2308,103,2028,q1+q2+q3+q4+q5,0.97119342,5835.5948,2398.9811
2308,103,2028,q2+q3,0.4526749,1433.8309,658.9341
2308,103,2028,q2+q3+q4,0.781893,3593.7544,1479.6474
2308,103,2028,q2+q3+q4+q5,0.86419753,6533.0207,2589.1655
2308,103,2028,q2+q3+q5+q6,0.56378601,13874.7539,5747.4527
2308,103,2028,q2+q3+q4+q5+q6,0.89300412,11179.4158,4388.1326
2308,103,2028,q3+q4,0.57613169,4675.3406,1779.0968
2308,103,2028,q3+q4+q5,0.65843621,8397.9293,3079.5848
2308,103,2028,q3+q5+q6,0.35802469,21523.8579,7895.5864
2308,103,2028,q3+q4+q5+q6,0.6872428,14357.2909,5220.4996
2308,103,2028,q4+q5,0.41152263,12142.1294,4179.4941
2308,103,2028,q4+q5+q6,0.44032922,21198.2414,7235.56
2308,103,2028,q5+q6,0.11111111,64559.9959,19077.7554
2308,103,2028,all,1.0,10004.9352,4072.0764
2309,103,2029,q1,0.10699588,202.4745,124.0289
2309,103,2029,q2,0.20576132,601.6741,298.959
2309,103,2029,q3,0.24691358,2313.3396,864.4189
2309,103,2029,q4,0.32921811,7231.3677,2182.7959
2309,103,2029,q5,0.08230453,33744.7829,8768.1353
2309,103,2029,q6,0.02880658,170345.551,40230.8147
2309,103,2029,q1+q2,0.3127572,465.1058,247.0636
2309,103,2029,q1+q2+q3,0.55967078,1280.5031,573.5295
2309,103,2029,q1+q2+q3+q4,0.88888889,3484.527,1323.5295
2309,103,2029,q1+q2+q3+q4+q5,0.97119342,6048.9555,2211.0462
2309,103,2029,q2+q3,0.4526749,1535.3098,646.5726
2309,103,2029,q2+q3+q4,0.781893,3933.65,1420.2783
2309,103,2029,q2+q3+q4+q5,0.86419753,6772.8055,2357.8997
2309,103,2029,q2+q3+q5+q6,0.56378601,14862.7635,5536.0099
2309,103,2029,q2+q3+q4+q5+q6,0.89300412,12049.3457,4131.6971
2309,103,2029,q3+q4,0.57613169,5123.6413,1685.3999
2309,103,2029,q3+q4+q5,0.65843621,8701.284,2770.1528
2309,103,2029,q3+q5+q6,0.35802469,23058.7918,7508.4328
2309,103,2029,q3+q4+q5+q6,0.6872428,15476.7922,4856.3724
2309,103,2029,q4+q5,0.41152263,12534.0507,3664.8973
2309,103,2029,q4+q5+q6,0.44032922,22858.1676,6581.1249
2309,103,2029,q5+q6,0.11111111,69159.7969,17515.2403
2309,103,2029,all,1.0,10781.7792,3879.7989
2310,103,2030,q1,0.10699588,196.731,126.1591
2310,103,2030,q2,0.20576132,630.2105,314.7526
2310,103,2030,q3,0.24691358,2067.373,930.9861
2310,103,2030,q4,0.32921811,6609.9887,2329.2447
2310,103,2030,q5,0.08230453,32177.242,9291.3855
2310,103,2030,q6,0.02880658,152191.8929,41996.025
2310,103,2030,q1+q2,0.3127572,481.9149,260.3906
2310,103,2030,q1+q2+q3,0.55967078,1181.3817,586.6067
2310,103,2030,q1+q2+q3+q4,0.88888889,3191.9769,1376.4021
2310,103,2030,q1+q2+q3+q4+q5,0.97119342,5648.3553,2337.8697
2310,103,2030,q2+q3,0.4526749,1414.1173,666.6087
2310,103,2030,q2+q3+q4,0.781893,3601.8526,1486.5078
2310,103,2030,q2+q3+q4+q5,0.86419753,6323.3183,2507.1773
2310,103,2030,q2+q3+q5+q6,0.56378601,13609.0584,5684.6197
2310,103,2030,q2+q3+q4+q5+q6,0.89300412,11028.7562,4312.0985
2310,103,2030,q3+q4,0.57613169,4663.1534,1812.1216
2310,103,2030,q3+q4+q5,0.65843621,8102.4145,3018.1779
2310,103,2030,q3+q5+q6,0.35802469,21068.1663,8043.8302
2310,103,2030,q3+q4+q5+q6,0.6872428,14142.0932,5191.8255
2310,103,2030,q4+q5,0.41152263,11723.4394,3956.7646
2310,103,2030,q4+q5+q6,0.44032922,20912.9644,6956.766
2310,103,2030,q5+q6,0.11111111,63292.1515,18058.5829
2310,103,2030,all,1.0,9869.7741,4027.1264
2401,104,2031,q1,0.08081539,202.7718,118.4634
2401,104,2031,q2,0.18183462,606.3839,291.5937
2401,104,2031,q3,0.34346539,2269.1077,917.4746
2401,104,2031,q4,0.24244616,6931.1108,2444.4747
2401,104,2031,q5,0.10101923,32629.7684,9587.4375
2401,104,2031,q6,0.05041921,201133.7103,52293.0814
2401,104,2031,q1+q2,0.26265001,482.1956,245.2223
2401,104,2031,q1+q2+q3,0.6061154,1494.7791,663.2922
2401,104,2031,q1+q2+q3+q4,0.84856156,3048.0167,1259.6065
2401,104,2031,q1+q2+q3+q4+q5,0.94958079,6195.0116,2454.0026
2401,104,2031,q2+q3,0.52530001,1693.5495,724.6856
2401,104,2031,q2+q3+q4,0.76774617,3347.5162,1342.0357
2401,104,2031,q2+q3+q4+q5,0.8687654,6752.4293,2597.0299
2401,104,2031,q2+q3+q5+q6,0.67673845,21170.4515,8115.6809
2401,104,2031,q2+q3+q4+q5+q6,0.91918461,17414.6516,6526.213
2401,104,2031,q3+q4,0.58591155,4198.2124,1600.4836
2401,104,2031,q3+q4+q5,0.68693078,8379.3236,3060.5604
2401,104,2031,q3+q5+q6,0.49490384,28725.9787,10248.441
2401,104,2031,q3+q4+q5+q6,0.73734999,21559.6641,7662.5703
2401,104,2031,q4+q5,0.34346539,14489.5395,4825.8749
2401,104,2031,q4+q5+q6,0.3938846,38380.9323,12339.2286
2401,104,2031,q5+q6,0.15143844,88730.6866,24988.6361
2401,104,2031,all,1.0,16023.6669,6184.1239
2402,104,2032,q1,0.08081173,200.8578,124.0768
2402,104,2032,q2,0.1818264,622.1894,290.0854
2402,104,2032,q3,0.34344987,2207.8401,887.6688
2402,104,2032,q4,0.2424352,6380.2774,2370.2356
2402,104,2032,q5,0.10101467,29923.4936,9373.0421
2402,104,2032,q6,0.05046213,207865.7387,55591.5304
2402,104,2032,q1+q2,0.26263813,492.5489,248.3865
2402,104,2032,q1+q2+q3,0.606088,1464.5472,645.5362
2402,104,2032,q1+q2+q3+q4,0.8485232,2869.0416,1200.6285
2402,104,2032,q1+q2+q3+q4+q5,0.94953787,5747.1747,2322.0625
2402,104,2032,q2+q3,0.52527627,1658.961,700.3629
2402,104,2032,q2+q3+q4,0.76771147,3149.903,1274.8757
2402,104,2032,q2+q3+q4+q5,0.86872613,6263.1112,2451.6247
2402,104,2032,q2+q3+q5+q6,0.67675307,21253.6503,8193.8135
2402,104,2032,q2+q3+q4+q5+q6,0.91918827,17330.8096,6615.5596
2402,104,2032,q3+q4,0.58588507,3934.3659,1529.7533
2402,104,2032,q3+q4+q5,0.68689973,7756.2964,2912.439
2402,104,2032,q3+q5+q6,0.49492667,28833.2465,10451.2761
2402,104,2032,q3+q4+q5+q6,0.73736187,21450.9959,7837.9872
2402,104,2032,q4+q5,0.34344987,13304.7527,4686.2745
2402,104,2032,q4+q5+q6,0.393912,38229.0055,12939.7141
2402,104,2032,q5+q6,0.1514768,89202.1764,26433.2823
2402,104,2032,all,1.0,15946.5085,6281.0686
2403,104,2033,q1,0.0808114,203.1135,124.1659
2403,104,2033,q2,0.18182565,668.2123,307.1066
2403,104,2033,q3,0.34344846,2323.7787,882.3293
2403,104,2033,q4,0.2424342,6999.1625,2301.6808
2403,104,2033,q5,0.10101425,33355.9248,9045.6329
2403,104,2033,q6,0.05046603,214020.425,49984.9462
2403,104,2033,q1+q2,0.26263705,525.105,261.2884
2403,104,2033,q1+q2+q3,0.60608551,1544.3534,653.4783
2403,104,2033,q1+q2+q3+q4,0.84851971,3102.8703,1213.5355
2403,104,2033,q1+q2+q3+q4+q5,0.94953397,6321.2803,2361.1847
2403,104,2033,q2+q3,0.52527411,1750.698,707.296
2403,104,2033,q2+q3+q4,0.76770831,3408.1078,1284.2183
2403,104,2033,q2+q3+q4+q5,0.86872256,6890.4121,2483.8964
2403,104,2033,q2+q3+q5+q6,0.67675439,22297.28,7989.3814
2403,104,2033,q2+q3+q4+q5+q6,0.9191886,18262.4313,6392.5987
2403,104,2033,q3+q4,0.58588266,4258.4203,1519.6783
2403,104,2033,q3+q4+q5,0.68689691,8537.465,2911.4445
2403,104,2033,q3+q5+q6,0.49492874,30243.3115,10024.9195
2403,104,2033,q3+q4+q5+q6,0.73736295,22600.9736,7472.0631
2403,104,2033,q4+q5,0.34344846,14751.1514,4565.3995
2403,104,2033,q4+q5+q6,0.39391449,40280.3722,11967.9912
2403,104,2033,q5+q6,0.15148029,93544.7527,24075.5324
2403,104,2033,all,1.0,16803.0325,6092.1627
2404,104,2034,q1,0.08081156,204.428,123.1261
2404,104,2034,q2,0.18182601,569.8674,301.546
2404,104,2034,q3,0.34344913,2120.6498,877.1426
2404,104,2034,q4,0.24243468,6301.362,2389.2096
2404,104,2034,q5,0.10101445,31865.4204,10190.2416
2404,104,2034,q6,0.05046418,192886.5562,55524.0958
2404,104,2034,q1+q2,0.26263757,457.4245,251.4424
2404,104,2034,q1+q2+q3,0.6060867,1399.9188,648.6092
2404,104,2034,q1+q2+q3+q4,0.84852137,2800.3312,1220.0703
2404,104,2034,q1+q2+q3+q4+q5,0.94953582,5892.3619,2471.9251
2404,104,2034,q2+q3,0.52527514,1583.8405,708.6665
2404,104,2034,q2+q3+q4,0.76770981,3073.5841,1301.2339
2404,104,2034,q2+q3+q4+q5,0.86872426,6421.4721,2619.9323
2404,104,2034,q2+q3+q5+q6,0.67675376,20368.8282,8278.3194
2404,104,2034,q2+q3+q4+q5+q6,0.91918844,16658.5535,6644.3762
2404,104,2034,q3+q4,0.58588381,3850.5997,1534.9541
2404,104,2034,q3+q4+q5,0.68689826,7970.4262,3066.0716
2404,104,2034,q3+q5+q6,0.49492775,27642.5484,10352.3945
2404,104,2034,q3+q4+q5+q6,0.73736243,20625.8583,7755.8396
2404,104,2034,q4+q5,0.34344913,13820.2027,4968.7341
2404,104,2034,q4+q5+q6,0.3939133,36760.3673,12807.8281
2404,104,2034,q5+q6,0.15147863,85508.6255,26370.3001
2404,104,2034,all,1.0,15328.8699,6285.5942
2405,104,2035,q1,0.08082079,203.7889,111.4601
2405,104,2035,q2,0.18184677,593.7557,276.0841
2405,104,2035,q3,0.34348834,2364.0148,959.0223
2405,104,2035,q4,0.24246236,7245.876,2621.3954
2405,104,2035,q5,0.10102598,32655.4801,9806.2749
2405,104,2035,q6,0.05035575,201359.8115,52233.391
2405,104,2035,q1+q2,0.26266756,473.766,230.9395
2405,104,2035,q1+q2+q3,0.6061559,1544.907,675.8658
2405,104,2035,q1+q2+q3+q4,0.84861826,3173.7553,1310.1269
2405,104,2035,q1+q2+q3+q4+q5,0.94964425,6310.109,2504.9753
2405,104,2035,q2+q3,0.52533512,1751.2328,743.2452
2405,104,2035,q2+q3+q4,0.76779748,3486.3833,1402.9608
2405,104,2035,q2+q3+q4+q5,0.86882346,6878.1387,2662.5614
2405,104,2035,q2+q3+q5+q6,0.67671685,21218.1226,8119.8645
2405,104,2035,q2+q3+q4+q5+q6,0.91917921,17532.5041,6608.6869
2405,104,2035,q3+q4,0.58595071,4384.0953,1693.4902
2405,104,2035,q3+q4+q5,0.68697669,8541.6519,3166.1515
2405,104,2035,q3+q5+q6,0.49487008,28796.8279,10347.1925
2405,104,2035,q3+q4+q5+q6,0.73733244,21710.0725,7818.2853
2405,104,2035,q4+q5,0.34348834,14719.2889,5022.6548
2405,104,2035,q4+q5+q6,0.3938441,38582.5999,12655.1223
2405,104,2035,q5+q6,0.15138174,88773.4365,25329.9922
2405,104,2035,all,1.0,16131.9837,6237.4656
2406,104,2036,q1,0.08081214,203.4783,119.3704
2406,104,2036,q2,0.18182731,672.6957,295.7583
2406,104,2036,q3,0.34345159,2438.17,922.776
2406,104,2036,q4,0.24243642,7051.6071,2494.5389
2406,104,2036,q5,0.10101517,33021.8661,9610.822
2406,104,2036,q6,0.05045736,214897.1019,51126.6606
2406,104,2036,q1+q2,0.26263945,528.3211,251.6858
2406,104,2036,q1+q2+q3,0.60609104,1610.5688,669.1531
2406,104,2036,q1+q2+q3+q4,0.84852746,3165.1512,1252.6026
2406,104,2036,q1+q2+q3+q4+q5,0.94954264,6341.3975,2417.0903
2406,104,2036,q2+q3,0.52527891,1827.0443,726.4822
2406,104,2036,q2+q3+q4,0.76771532,3476.9062,1330.4078
2406,104,2036,q2+q3+q4+q5,0.8687305,6912.3667,2551.5811
2406,104,2036,q2+q3+q5+q6,0.67675144,22369.4515,8051.5827
2406,104,2036,q2+q3+q4+q5+q6,0.91918786,18329.3597,6567.1378
2406,104,2036,q3+q4,0.58588801,4347.1785,1599.0499
2406,104,2036,q3+q4+q5,0.68690318,8564.0443,3032.5005
2406,104,2036,q3+q5+q6,0.49492413,30340.4971,10238.5735
2406,104,2036,q3+q4+q5+q6,0.73736055,22683.3542,7772.3684
2406,104,2036,q4+q5,0.34345159,14689.9186,4886.9292
2406,104,2036,q4+q5+q6,0.39390896,40335.2524,12767.0518
2406,104,2036,q5+q6,0.15147254,93606.742,25357.3046
2406,104,2036,all,1.0,16864.5685,6238.5756
2407,104,2037,q1,0.08081214,208.4659,115.2327
2407,104,2037,q2,0.18182731,561.0988,264.9963
2407,104,2037,q3,0.34345159,2262.6614,953.768
2407,104,2037,q4,0.24243642,7264.6992,2696.411
2407,104,2037,q5,0.10101517,30417.909,10021.6254
2407,104,2037,q6,0.05045736,191410.3009,56365.7646
2407,104,2037,q1+q2,0.26263945,452.5963,223.7781
2407,104,2037,q1+q2+q3,0.60609104,1478.2999,665.6753
2407,104,2037,q1+q2+q3+q4,0.84852746,3131.5568,1329.169
2407,104,2037,q1+q2+q3+q4+q5,0.94954264,6034.3603,2485.0333
2407,104,2037,q2+q3,0.52527891,1673.659,732.748
2407,104,2037,q2+q3+q4,0.76771532,3439.2506,1424.9472
2407,104,2037,q2+q3+q4+q5,0.8687305,6576.3039,2645.4621
2407,104,2037,q2+q3+q5+q6,0.67675144,20110.5848,8112.0625
2407,104,2037,q2+q3+q4+q5+q6,0.91918786,16722.4738,6594.4699
2407,104,2037,q3+q4,0.58588801,4332.4702,1729.1649
2407,104,2037,q3+q4+q5,0.68690318,8168.5641,3161.9132
2407,104,2037,q3+q5+q6,0.49492413,27292.7574,10449.0519
2407,104,2037,q3+q4+q5+q6,0.73736055,20707.7418,7846.7564
2407,104,2037,q4+q5,0.34345159,14074.4668,5036.471
2407,104,2037,q4+q5+q6,0.39390896,36790.1185,12811.9859
2407,104,2037,q5+q6,0.15147254,84046.453,26636.1011
2407,104,2037,all,1.0,15387.9415,6212.0718
2408,104,2038,q1,0.08081214,203.4765,120.623
2408,104,2038,q2,0.18182731,594.8628,299.064
2408,104,2038,q3,0.34345159,2202.2862,889.6674
2408,104,2038,q4,0.24243642,6577.8206,2400.1318
2408,104,2038,q5,0.10101517,33134.5257,9931.8414
2408,104,2038,q6,0.05045736,195594.9693,54547.6135
2408,104,2038,q1+q2,0.26263945,474.4362,250.2174
2408,104,2038,q1+q2+q3,0.60609104,1453.5512,653.4663
2408,104,2038,q1+q2+q3+q4,0.84852746,2917.6282,1230.0977
2408,104,2038,q1+q2+q3+q4+q5,0.94954264,6132.1917,2478.1991
2408,104,2038,q2+q3,0.52527891,1645.8704,713.4055
2408,104,2038,q2+q3+q4,0.76771532,3203.3283,1310.7064
2408,104,2038,q2+q3+q4+q5,0.8687305,6683.7001,2623.407
2408,104,2038,q2+q3+q5+q6,0.67675144,20806.5125,8140.2238
2408,104,2038,q2+q3+q4+q5+q6,0.91918786,17053.6854,6547.2753
2408,104,2038,q3+q4,0.58588801,4012.8521,1552.2744
2408,104,2038,q3+q4+q5,0.68690318,8295.4512,3077.4137
2408,104,2038,q3+q5+q6,0.49492413,28231.9536,10213.0799
2408,104,2038,q3+q4+q5+q6,0.73736055,21112.3017,7659.0801
2408,104,2038,q4+q5,0.34345159,14388.6162,4934.7405
2408,104,2038,q4+q5+q6,0.39390896,37600.0581,12526.6682
2408,104,2038,q5+q6,0.15147254,87252.0957,25517.3239
2408,104,2038,all,1.0,15691.984,6201.0696
2409,104,2039,q1,0.08081214,203.4423,123.9105
2409,104,2039,q2,0.18182731,616.6433,297.5308
2409,104,2039,q3,0.34345159,2299.7393,873.3954
2409,104,2039,q4,0.24243642,7011.8689,2266.5319
2409,104,2039,q5,0.10101517,32757.369,9050.8763
2409,104,2039,q6,0.05045736,216062.1479,51742.1102
2409,104,2039,q1+q2,0.26263945,489.5045,252.3197
2409,104,2039,q1+q2+q3,0.60609104,1515.3042,649.5742
2409,104,2039,q1+q2+q3+q4,0.84852746,3085.7513,1210.0214
2409,104,2039,q1+q2+q3+q4+q5,0.94954264,6242.3063,2343.3004
2409,104,2039,q2+q3,0.52527891,1717.1291,704.0126
2409,104,2039,q2+q3+q4,0.76771532,3389.1522,1280.9679
2409,104,2039,q2+q3+q4+q5,0.8687305,6804.0611,2466.1607
2409,104,2039,q2+q3+q5+q6,0.67675144,22331.5215,8136.2186
2409,104,2039,q2+q3+q4+q5+q6,0.91918786,18290.9528,6447.8753
2409,104,2039,q3+q4,0.58588801,4249.586,1504.9836
2409,104,2039,q3+q4+q5,0.68690318,8441.9071,2870.7409
2409,104,2039,q3+q5+q6,0.49492413,30309.225,10131.2756
2409,104,2039,q3+q4+q5+q6,0.73736055,22649.2985,7486.9062
2409,104,2039,q4+q5,0.34345159,14584.0748,4489.8367
2409,104,2039,q4+q5+q6,0.39390896,40392.2019,11996.3179
2409,104,2039,q5+q6,0.15147254,93818.4433,24659.0444
2409,104,2039,all,1.0,16829.2624,6141.6647
2410,104,2040,q1,0.08081214,199.8907,124.9292
2410,104,2040,q2,0.18182731,634.923,306.7308
2410,104,2040,q3,0.34345159,2146.5931,914.931
2410,104,2040,q4,0.24243642,6606.4252,2377.6733
2410,104,2040,q5,0.10101517,31727.854,9435.3298
2410,104,2040,q6,0.05045736,193311.5976,51092.7127
2410,104,2040,q1+q2,0.26263945,501.0669,260.2441
2410,104,2040,q1+q2+q3,0.60609104,1433.5318,662.4973
2410,104,2040,q1+q2+q3+q4,0.84852746,2911.5013,1244.5199
2410,104,2040,q1+q2+q3+q4+q5,0.94954264,5977.0707,2441.3054
2410,104,2040,q2+q3,0.52527891,1623.3227,721.2945
2410,104,2040,q2+q3+q4,0.76771532,3196.934,1322.5272
2410,104,2040,q2+q3+q4+q5,0.8687305,6514.4828,2577.7281
2410,104,2040,q2+q3+q5+q6,0.67675144,20408.8008,8063.9744
2410,104,2040,q2+q3+q4+q5+q6,0.91918786,16768.4149,6458.8729
2410,104,2040,q3+q4,0.58588801,3992.0409,1580.9551
2410,104,2040,q3+q4+q5,0.68690318,8070.8369,3047.6048
2410,104,2040,q3+q5+q6,0.49492413,27673.4114,10248.7047
2410,104,2040,q3+q4+q5+q6,0.73736055,20746.8072,7610.8727
2410,104,2040,q4+q5,0.34345159,13995.0807,4743.5629
2410,104,2040,q4+q5+q6,0.39390896,36964.446,12091.4987
2410,104,2040,q5+q6,0.15147254,85553.3845,24423.8282
2410,104,2040,all,1.0,15429.4771,6133.3183
2501,105,2041,q1,0.08422163,202.7718,118.4634
2501,105,2041,q2,0.21055408,606.3839,291.5937
2501,105,2041,q3,0.2526649,2269.1077,917.4746
2501,105,2041,q4,0.2526649,6931.1108,2444.4747
2501,105,2041,q5,0.12633245,32629.7684,9587.4375
2501,105,2041,q6,0.07356203,201133.7103,52293.0814
2501,105,2041,q1+q2,0.29477572,491.0662,248.7109
2501,105,2041,q1+q2+q3,0.54744062,1311.7007,594.9714
2501,105,2041,q1+q2+q3+q4,0.80010552,3086.2513,1283.8855
2501,105,2041,q1+q2+q3+q4+q5,0.92643797,7114.9127,2800.9932
2501,105,2041,q2+q3,0.46321899,1513.3242,659.6091
2501,105,2041,q2+q3+q4,0.71588389,3425.4842,1378.3165
2501,105,2041,q2+q3+q4+q5,0.84221634,7806.1268,2976.0472
2501,105,2041,q2+q3+q5+q6,0.66311346,29586.1923,11048.9148
2501,105,2041,q2+q3+q4+q5+q6,0.91577837,23335.6145,8575.3333
2501,105,2041,q3+q4,0.5053298,4600.1092,1733.0684
2501,105,2041,q3+q4+q5,0.63166225,10206.0411,3639.6469
2501,105,2041,q3+q5+q6,0.45255938,43069.1015,14569.7758
2501,105,2041,q3+q4+q5+q6,0.70522428,30121.7284,10341.0312
2501,105,2041,q4+q5,0.37899735,15497.33,5123.5209
2501,105,2041,q4+q5+q6,0.45255938,45671.9082,14461.0064
2501,105,2041,q5+q6,0.19989448,94639.9431,26536.7469
2501,105,2041,all,1.0,21387.3287,8112.8726
2502,105,2042,q1,0.08421608,200.8578,124.0768
2502,105,2042,q2,0.2105402,622.1894,290.0854
2502,105,2042,q3,0.25264824,2207.8401,887.6688
2502,105,2042,q4,0.25264824,6380.2774,2370.2356
2502,105,2042,q5,0.12632412,29923.4936,9373.0421
2502,105,2042,q6,0.07362312,207865.7387,55591.5304
2502,105,2042,q1+q2,0.29475628,501.8089,251.5895
2502,105,2042,q1+q2+q3,0.54740452,1289.2079,580.2159
2502,105,2042,q1+q2+q3+q4,0.80005276,2896.9141,1222.1561
2502,105,2042,q1+q2+q3+q4+q5,0.92637688,6582.3567,2651.5614
2502,105,2042,q2+q3,0.46318844,1487.0898,637.7967
2502,105,2042,q2+q3+q4,0.71583668,3214.0972,1307.2111
2502,105,2042,q2+q3+q4+q5,0.8421608,7220.5066,2810.8391
2502,105,2042,q2+q3+q5+q6,0.66313568,29816.8039,11243.6774
2502,105,2042,q2+q3+q4+q5+q6,0.91578392,23351.0896,8769.0545
2502,105,2042,q3+q4,0.50529648,4294.0587,1658.2365
2502,105,2042,q3+q4+q5,0.6316206,9419.9457,3475.8306
2502,105,2042,q3+q5+q6,0.45259548,43397.6729,15028.2875
2502,105,2042,q3+q4+q5+q6,0.70524372,30136.4704,10695.9736
2502,105,2042,q4+q5,0.37897236,14228.0161,4977.0518
2502,105,2042,q4+q5+q6,0.45259548,45726.8144,15232.4033
2502,105,2042,q5+q6,0.19994724,95444.0958,28123.1445
2502,105,2042,all,1.0,21401.4678,8311.3501
2503,105,2043,q1,0.08421557,203.1135,124.1659
2503,105,2043,q2,0.21053894,668.2123,307.1066
2503,105,2043,q3,0.25264672,2323.7787,882.3293
2503,105,2043,q4,0.25264672,6999.1625,2301.6808
2503,105,2043,q5,0.12632336,33355.9248,9045.6329
2503,105,2043,q6,0.07362868,214020.425,49984.9462
2503,105,2043,q1+q2,0.29475451,535.3269,264.8109
2503,105,2043,q1+q2+q3,0.54740124,1360.7662,590.592
2503,105,2043,q1+q2+q3+q4,0.80004796,3141.3124,1238.3209
2503,105,2043,q1+q2+q3+q4+q5,0.92637132,7261.4868,2695.7555
2503,105,2043,q2+q3,0.46318566,1571.2485,647.785
2503,105,2043,q2+q3+q4,0.71583239,3486.9828,1319.4559
2503,105,2043,q2+q3+q4+q5,0.84215575,7967.3241,2846.0227
2503,105,2043,q2+q3+q5+q6,0.6631377,31214.4114,10868.3368
2503,105,2043,q2+q3+q4+q5+q6,0.91578443,24533.9054,8405.9651
2503,105,2043,q3+q4,0.50529345,4661.4706,1642.9311
2503,105,2043,q3+q4+q5,0.63161681,10400.3614,3458.3318
2503,105,2043,q3+q5+q6,0.45259876,45423.8278,14213.0863
2503,105,2043,q3+q4+q5+q6,0.70524549,31658.5985,10081.1357
2503,105,2043,q4+q5,0.37897009,15784.7499,4847.2507
2503,105,2043,q4+q5+q6,0.45259876,48033.6899,14031.7138
2503,105,2043,q5+q6,0.19995204,99882.3184,25569.4603
2503,105,2043,all,1.0,22484.8738,8000.0315
2504,105,2044,q1,0.08421582,204.428,123.1261
2504,105,2044,q2,0.21053954,569.8674,301.546
2504,105,2044,q3,0.25264745,2120.6498,877.1426
2504,105,2044,q4,0.25264745,6301.362,2389.2096
2504,105,2044,q5,0.12632372,31865.4204,10190.2416
2504,105,2044,q6,0.07362603,192886.5562,55524.0958
2504,105,2044,q1+q2,0.29475535,465.4562,255.1498
2504,105,2044,q1+q2+q3,0.5474028,1229.3917,585.944
2504,105,2044,q1+q2+q3+q4,0.80005025,2831.0665,1248.0237
2504,105,2044,q1+q2+q3+q4+q5,0.92637397,6790.2966,2846.46
2504,105,2044,q2+q3,0.46318698,1415.7487,650.099
2504,105,2044,q2+q3+q4,0.71583443,3140.0828,1341.9249
2504,105,2044,q2+q3+q4+q5,0.84215815,7448.8835,3030.4107
2504,105,2044,q2+q3+q5+q6,0.66313674,28474.6501,11378.517
2504,105,2044,q2+q3+q4+q5+q6,0.91578418,22357.4615,8803.1285
2504,105,2044,q3+q4,0.50529489,4211.0059,1666.0409
2504,105,2044,q3+q4+q5,0.63161861,9741.8888,3679.7218
2504,105,2044,q3+q5+q6,0.4525972,41455.4199,14871.9216
2504,105,2044,q3+q4+q5+q6,0.70524465,28861.8001,10557.6457
2504,105,2044,q4+q5,0.37897117,14822.7148,5292.6275
2504,105,2044,q4+q5+q6,0.4525972,43789.1645,15046.9868
2504,105,2044,q5+q6,0.19994975,91157.0523,28007.1414
2504,105,2044,all,1.0,20491.8257,8310.8955
2505,105,2045,q1,0.08422985,203.7889,111.4601
2505,105,2045,q2,0.21057461,593.7557,276.0841
2505,105,2045,q3,0.25268954,2364.0148,959.0223
2505,105,2045,q4,0.25268954,7245.876,2621.3954
2505,105,2045,q5,0.12634477,32655.4801,9806.2749
2505,105,2045,q6,0.0734717,201359.8115,52233.391
2505,105,2045,q1+q2,0.29480446,482.3367,234.3084
2505,105,2045,q1+q2+q3,0.547494,1350.8035,601.3843
2505,105,2045,q1+q2+q3+q4,0.80018354,3212.4053,1333.0992
2505,105,2045,q1+q2+q3+q4+q5,0.9265283,7227.3701,2850.7782
2505,105,2045,q2+q3,0.46326415,1559.3516,671.5206
2505,105,2045,q2+q3+q4,0.71595369,3566.3602,1439.1374
2505,105,2045,q2+q3+q4+q5,0.84229846,7929.7282,3042.9739
2505,105,2045,q2+q3+q5+q6,0.66308062,29623.0762,11036.8151
2505,105,2045,q2+q3+q4+q5+q6,0.91577015,23448.509,8664.9682
2505,105,2045,q3+q4,0.50537907,4804.9454,1837.7521
2505,105,2045,q3+q4+q5,0.63172384,10375.0523,3762.2476
2505,105,2045,q3+q5+q6,0.452506,43131.9312,14709.5593
2505,105,2045,q3+q4+q5+q6,0.70519554,30273.0429,10540.7513
2505,105,2045,q4+q5,0.37903431,15715.744,5322.3682
2505,105,2045,q4+q5+q6,0.452506,45858.0724,14796.4381
2505,105,2045,q5+q6,0.19981646,94687.3721,26876.3149
2505,105,2045,all,1.0,21490.6098,8164.5261
2506,105,2046,q1,0.0842167,203.4783,119.3704
2506,105,2046,q2,0.21054174,672.6957,295.7583
2506,105,2046,q3,0.25265009,2438.17,922.776
2506,105,2046,q4,0.25265009,7051.6071,2494.5389
2506,105,2046,q5,0.12632505,33021.8661,9610.822
2506,105,2046,q6,0.07361633,214897.1019,51126.6606
2506,105,2046,q1+q2,0.29475844,538.6336,255.0766
2506,105,2046,q1+q2+q3,0.54740853,1415.3427,600.6053
2506,105,2046,q1+q2+q3+q4,0.80005862,3195.2157,1275.5148
2506,105,2046,q1+q2+q3+q4+q5,0.92638367,7262.4862,2759.3282
2506,105,2046,q2+q3,0.46319183,1635.6817,660.8654
2506,105,2046,q2+q3+q4,0.71584192,3547.1848,1364.7165
2506,105,2046,q2+q3+q4+q5,0.84216697,7968.387,2924.4854
2506,105,2046,q2+q3+q5+q6,0.66313321,31289.4298,10978.9492
2506,105,2046,q2+q3+q4+q5+q6,0.9157833,24602.5989,8652.0217
2506,105,2046,q3+q4,0.50530018,4744.8886,1735.1846
2506,105,2046,q3+q4+q5,0.63162523,10400.2841,3617.7506
2506,105,2046,q3+q5+q6,0.45259147,45532.0768,14604.6091
2506,105,2046,q3+q4+q5+q6,0.70524156,31746.5958,10534.9274
2506,105,2046,q4+q5,0.37897514,15708.3601,5184.5395
2506,105,2046,q4+q5+q6,0.45259147,48107.4353,14936.9337
2506,105,2046,q5+q6,0.19994138,99986.4346,26889.4538
2506,105,2046,all,1.0,22547.7855,8206.2189
2507,105,2047,q1,0.0842167,208.4659,115.2327
2507,105,2047,q2,0.21054174,561.0988,264.9963
2507,105,2047,q3,0.25265009,2262.6614,953.768
2507,105,2047,q4,0.25265009,7264.6992,2696.411
2507,105,2047,q5,0.12632505,30417.909,10021.6254
2507,105,2047,q6,0.07361633,191410.3009,56365.7646
2507,105,2047,q1+q2,0.29475844,460.3465,226.8501
2507,105,2047,q1+q2+q3,0.54740853,1292.1842,590.679
2507,105,2047,q1+q2+q3+q4,0.80005862,3178.2416,1353.8262
2507,105,2047,q1+q2+q3+q4+q5,0.92638367,6892.7417,2823.3125
2507,105,2047,q2+q3,0.46319183,1489.2239,659.9852
2507,105,2047,q2+q3+q4,0.71584192,3527.6269,1463.1665
2507,105,2047,q2+q3+q4+q5,0.84216697,7561.1692,3018.919
2507,105,2047,q2+q3+q5+q6,0.66313321,28083.7462,11094.6189
2507,105,2047,q2+q3+q4+q5+q6,0.9157833,22340.1013,8671.5903
2507,105,2047,q3+q4,0.50530018,4763.6803,1880.4434
2507,105,2047,q3+q4+q5,0.63162523,9894.5261,3756.9411
2507,105,2047,q3+q5+q6,0.45259147,40887.0501,15010.7989
2507,105,2047,q3+q4+q5+q6,0.70524156,28841.9715,10630.1361
2507,105,2047,q4+q5,0.37897514,14982.4358,5335.848
2507,105,2047,q4+q5+q6,0.45259147,43679.3371,15043.578
2507,105,2047,q5+q6,0.19994138,89693.6317,28312.3056
2507,105,2047,all,1.0,20476.248,8152.563
2508,105,2048,q1,0.0842167,203.4765,120.623
2508,105,2048,q2,0.21054174,594.8628,299.064
2508,105,2048,q3,0.25265009,2202.2862,889.6674
2508,105,2048,q4,0.25265009,6577.8206,2400.1318
2508,105,2048,q5,0.12632505,33134.5257,9931.8414
2508,105,2048,q6,0.07361633,195594.9693,54547.6135
2508,105,2048,q1+q2,0.29475844,483.0381,253.8647
2508,105,2048,q1+q2+q3,0.54740853,1276.5372,589.068
2508,105,2048,q1+q2+q3+q4,0.80005862,2950.6267,1256.5641
2508,105,2048,q1+q2+q3+q4+q5,0.92638367,7066.6129,2846.1118
2508,105,2048,q2+q3,0.46319183,1471.6392,652.8003
2508,105,2048,q2+q3+q4,0.71584192,3273.8208,1349.4898
2508,105,2048,q2+q3+q4+q5,0.84216697,7752.9266,3025.5291
2508,105,2048,q2+q3+q5+q6,0.66313321,29053.5235,11139.1255
2508,105,2048,q2+q3+q4+q5+q6,0.9157833,22852.8335,8640.8001
2508,105,2048,q3+q4,0.50530018,4390.0534,1683.2988
2508,105,2048,q3+q4+q5,0.63162523,10138.9478,3682.0123
2508,105,2048,q3+q5+q6,0.45259147,42292.253,14602.3234
2508,105,2048,q3+q4+q5+q6,0.70524156,29497.6942,10384.6695
2508,105,2048,q4+q5,0.37897514,15430.0556,5249.8612
2508,105,2048,q4+q5+q6,0.45259147,44734.8071,14694.5463
2508,105,2048,q5+q6,0.19994138,92950.7697,27114.51
2508,105,2048,all,1.0,20945.3795,8168.7395
2509,105,2049,q1,0.0842167,203.4423,123.9105
2509,105,2049,q2,0.21054174,616.6433,297.5308
2509,105,2049,q3,0.25265009,2299.7393,873.3954
2509,105,2049,q4,0.25265009,7011.8689,2266.5319
2509,105,2049,q5,0.12632505,32757.369,9050.8763
2509,105,2049,q6,0.07361633,216062.1479,51742.1102
2509,105,2049,q1+q2,0.29475844,498.5859,255.7529
2509,105,2049,q1+q2+q3,0.54740853,1329.8874,587.1469
2509,105,2049,q1+q2+q3+q4,0.80005862,3124.1974,1236.4831
2509,105,2049,q1+q2+q3+q4+q5,0.92638367,7165.0844,2677.8687
2509,105,2049,q2+q3,0.46319183,1534.6957,645.2912
2509,105,2049,q2+q3+q4,0.71584192,3467.8156,1318.1711
2509,105,2049,q2+q3+q4+q5,0.84216697,7861.2486,2828.7553
2509,105,2049,q2+q3+q5+q6,0.66313321,31297.8412,11121.2526
2509,105,2049,q2+q3+q4+q5+q6,0.9157833,24597.7266,8507.426
2509,105,2049,q3+q4,0.50530018,4655.8041,1625.9826
2509,105,2049,q3+q4+q5,0.63162523,10276.1171,3408.8364
2509,105,2049,q3+q5+q6,0.45259147,45570.4762,14424.3689
2509,105,2049,q3+q4+q5+q6,0.70524156,31757.0027,10127.3577
2509,105,2049,q4+q5,0.37897514,15593.7023,4770.3894
2509,105,2049,q4+q5+q6,0.45259147,48200.9278,14108.8356
2509,105,2049,q5+q6,0.19994138,100248.2803,26214.549
2509,105,2049,all,1.0,22543.3205,8091.361
2510,105,2050,q1,0.0842167,199.8907,124.9292
2510,105,2050,q2,0.21054174,634.923,306.7308
2510,105,2050,q3,0.25265009,2146.5931,914.931
2510,105,2050,q4,0.25265009,6606.4252,2377.6733
2510,105,2050,q5,0.12632505,31727.854,9435.3298
2510,105,2050,q6,0.07361633,193311.5976,51092.7127
2510,105,2050,q1+q2,0.29475844,510.628,263.7949
2510,105,2050,q1+q2+q3,0.54740853,1265.6888,595.5754
2510,105,2050,q1+q2+q3+q4,0.80005862,2952.2372,1266.2497
2510,105,2050,q1+q2+q3+q4+q5,0.92638367,6876.1849,2781.5191
2510,105,2050,q2+q3,0.46319183,1459.4703,657.2327
2510,105,2050,q2+q3+q4,0.71584192,3276.0426,1355.1176
2510,105,2050,q2+q3+q4+q5,0.84216697,7543.8143,2947.6045
2510,105,2050,q2+q3+q5+q6,0.66313321,28523.573,10921.5094
2510,105,2050,q2+q3+q4+q5+q6,0.9157833,22476.9795,8457.2554
2510,105,2050,q3+q4,0.50530018,4376.5092,1708.0041
2510,105,2050,q3+q4+q5,0.63162523,9846.7781,3616.9273
2510,105,2050,q3+q5+q6,0.45259147,41497.1382,14490.7861
2510,105,2050,q3+q4+q5+q6,0.70524156,28997.6738,10235.0239
2510,105,2050,q4+q5,0.37897514,14980.2348,5038.3563
2510,105,2050,q4+q5+q6,0.45259147,43986.7498,14166.2469
2510,105,2050,q5+q6,0.19994138,91221.3062,25932.6129
2510,105,2050,all,1.0,20600.8766,8020.1463
2601,106,2051,q1,0.01030928,205.1989,123.8888
2601,106,2051,q2,0.10309278,593.9213,304.8193
2601,106,2051,q3,0.20618557,2003.0905,910.084
2601,106,2051,q4,0.24742268,7155.2116,2402.9238
2601,106,2051,q5,0.22680412,30952.1534,9810.1017
2601,106,2051,q6,0.20618557,199996.1129,62563.5007
2601,106,2051,q1+q2,0.11340206,558.5829,290.6439
2601,106,2051,q1+q2+q3,0.31958763,1490.5233,709.113
2601,106,2051,q1+q2+q3+q4,0.56701031,3962.3873,1595.098
2601,106,2051,q1+q2+q3+q4+q5,0.79381443,11673.749,4362.6729
2601,106,2051,q2+q3,0.30927835,1533.3675,724.3768
2601,106,2051,q2+q3+q4,0.55670103,4031.9648,1613.1524
2601,106,2051,q2+q3+q4+q5,0.78350515,11824.651,4397.024
2601,106,2051,q2+q3+q5+q6,0.74226804,65650.9813,24012.4349
2601,106,2051,q2+q3+q4+q5+q6,0.98969072,51027.0389,18256.8152
2601,106,2051,q3+q4,0.45360825,4813.3384,1833.8915
2601,106,2051,q3+q4+q5,0.68041237,13526.2767,4828.257
2601,106,2051,q3+q5+q6,0.63917526,76144.0555,26616.8038
2601,106,2051,q3+q4+q5+q6,0.88659794,56891.3549,19662.5182
2601,106,2051,q4+q5,0.4742268,18536.3576,6052.5623
2601,106,2051,q4+q5+q6,0.68041237,73524.1623,23692.9532
2601,106,2051,q5+q6,0.43298969,111449.2769,35103.0099
2601,106,2051,all,1.0,50503.1024,18145.5673
