map_id,name,description,rank_level_brackets,category_weights,value_brackets,extra_params
2101,未知快递,这是一批真正的“无主之物”，物流信息完全丢失，源头成谜。每一个包裹都像一个等待被揭示的命运盲盒，充满了无限可能与意外。,"[[11,15,1000],[16,20,1000],[21,25,50],[26,30,50]]","[[101,50],[102,50],[103,50],[104,100],[105,20],[106,50],[107,200],[108,150],[109,50],[110,150],[201,100],[202,50],[203,150],[204,100],[205,50],[206,50],[207,100],[208,50],[209,300],[301,100]]","[[1000,2000,200],[2001,5000,200],[5001,10000,20]]","[10,1,100,1,1000,500,10000,200]"
2102,医院快递,消毒水的气息隐约可闻，包裹形状规整不一，有的触手冰凉坚硬，有的则散发出淡淡的日常气息，仿佛来自一个功能完备的微型社区。,"[[11,15,1000],[16,20,1000],[21,25,50],[26,30,50]]","[[101,50],[102,50],[103,50],[104,100],[105,20],[106,50],[107,200],[108,150],[109,500],[110,150],[201,100],[202,50],[203,150],[204,100],[205,50],[206,50],[207,100],[208,50],[209,300],[301,100]]","[[1000,2000,200],[2001,5000,200],[5001,10000,20]]","[10,1,100,1,1000,500,10000,200]"
2103,超市快递,包裹散发着浓郁的生活气息，既有规整的方形包装，也有触感柔软的袋件，充满了市井的烟火味与实用的质感。,"[[11,15,1000],[16,20,1000],[21,25,50],[26,30,50]]","[[101,50],[102,50],[103,50],[104,100],[105,20],[106,50],[107,200],[108,150],[109,50],[110,150],[201,100],[202,500],[203,150],[204,100],[205,50],[206,50],[207,100],[208,50],[209,300],[301,100]]","[[1000,2000,200],[2001,5000,200],[5001,10000,20]]","[10,1,100,1,1000,500,10000,200]"
2104,学区快递,包裹重量轻重不一，有的棱角分明带有电子产品的精密感，有的则是规整的方形，散发着旧纸与油墨特有的沉稳气息。,"[[11,15,1000],[16,20,1000],[21,25,50],[26,30,50]]","[[101,50],[102,50],[103,50],[104,100],[105,20],[106,50],[107,200],[108,150],[109,50],[110,150],[201,100],[202,200],[203,150],[204,100],[205,50],[206,200],[207,100],[208,50],[209,300],[301,100]]","[[1000,2000,200],[2001,5000,200],[5001,10000,20]]","[10,1,100,1,1000,500,10000,200]"
2105,小区快递,最贴近生活的包裹堆，充满了家常的味道。从规整的家具包装到日常消耗品的触感，平凡中或许藏着不凡的惊喜。,"[[11,15,1000],[16,20,1000],[21,25,50],[26,30,50]]","[[101,50],[102,50],[103,50],[104,100],[105,20],[106,150],[107,200],[108,150],[109,50],[110,150],[201,100],[202,200],[203,150],[204,100],[205,50],[206,100],[207,100],[208,50],[209,300],[301,100]]","[[1000,2000,200],[2001,5000,200],[5001,10000,20]]","[10,1,100,1,1000,500,10000,200]"
2106,玩具店快递,包裹色彩鲜艳，充满活力。多数轻巧，但个别异常沉重坚硬，手感复杂，似乎装着为不同年龄层准备的“大型玩具”或专业装备。,"[[11,15,1000],[16,20,1000],[21,25,50],[26,30,50]]","[[101,200],[102,50],[103,50],[104,100],[105,20],[106,50],[107,200],[108,150],[109,50],[110,150],[201,100],[202,200],[203,150],[204,100],[205,300],[206,100],[207,100],[208,50],[209,300],[301,100]]","[[1000,2000,200],[2001,5000,200],[5001,10000,20]]","[10,1,100,1,1000,500,10000,200]"
2107,古董街快递,包裹散发着陈旧木材和特殊纸张的气味，手感或轻或重，个别小件却分量十足，仿佛承载着被时光打磨过的秘密。,"[[11,15,1000],[16,20,1000],[21,25,50],[26,30,50]]","[[101,500],[102,50],[103,50],[104,100],[105,20],[106,50],[107,200],[108,150],[109,50],[110,150],[201,100],[202,200],[203,150],[204,100],[205,50],[206,100],[207,500],[208,50],[209,300],[301,100]]","[[1000,2000,200],[2001,5000,200],[5001,10000,20]]","[10,1,100,1,1000,500,10000,200]"
2201,未知仓库,仓库主人身份成谜，留下的货物杂乱无章，从日常用品到造型奇特的器械应有尽有，每一次探索都是全新的谜题。,"[[11,15,1000],[16,20,1000],[21,25,50],[26,30,50]]","[[101,50],[102,50],[103,50],[104,100],[105,20],[106,50],[107,200],[108,150],[109,50],[110,150],[201,100],[202,50],[203,150],[204,100],[205,50],[206,50],[207,100],[208,50],[209,300],[301,100]]","[[2001,5000,20],[5001,10000,50],[10000,20000,20]]","[10,1,100,1,1000,100,10000,200,100000,5]"
2202,潮牌仓库,仓库里堆满未拆封的板式家具和蒙尘的模特架，所有物品贴着统一的品牌标签，风格鲜明，诉说着某个时代的流行印记。,"[[11,15,1000],[16,20,1000],[21,25,50],[26,30,50]]","[[101,50],[102,50],[103,50],[104,100],[105,400],[106,500],[107,200],[108,150],[109,50],[110,150],[201,100],[202,200],[203,150],[204,100],[205,50],[206,100],[207,500],[208,50],[209,300],[301,100]]","[[2001,5000,20],[5001,10000,50],[10000,20000,20]]","[10,1,100,1,1000,100,10000,200,100000,5]"
2203,硬核资产仓库,空气中弥漫着机油与电路板的味道，被厚重篷布覆盖的硬朗轮廓与密集的仪器箱共存，充满了未释放的能量感。,"[[11,15,1000],[16,20,1000],[21,25,50],[26,30,50]]","[[101,50],[102,50],[103,50],[104,100],[105,50],[106,50],[107,200],[108,150],[109,50],[110,150],[201,100],[202,200],[203,150],[204,100],[205,500],[206,100],[207,500],[208,50],[209,300],[301,100]]","[[2001,5000,20],[5001,10000,50],[10000,20000,20]]","[10,1,100,1,1000,100,10000,200,100000,5]"
2204,民生储备仓库,甜腻、腐败与苦涩的药味混合，货架上堆满了各式密封包装，它们的价值在时间的侵蚀下变得极其微妙。,"[[11,15,1000],[16,20,1000],[21,25,50],[26,30,50]]","[[101,50],[102,50],[103,50],[104,100],[105,50],[106,50],[107,200],[108,150],[109,500],[110,150],[201,100],[202,200],[203,500],[204,100],[205,500],[206,100],[207,50],[208,50],[209,300],[301,100]]","[[2001,5000,20],[5001,10000,50],[10000,20000,20]]","[10,1,100,1,1000,100,10000,200,100000,5]"
2205,书店仓库,仓库深处，落灰的箱奁与卷轴筒堆积如山，寂静中弥漫着时光的气息，真伪与价值都隐藏在厚厚的尘埃之下。,"[[11,15,1000],[16,20,1000],[21,25,50],[26,30,50]]","[[101,50],[102,50],[103,50],[104,100],[105,50],[106,50],[107,200],[108,150],[109,50],[110,150],[201,100],[202,200],[203,500],[204,100],[205,50],[206,500],[207,50],[208,50],[209,300],[301,100]]","[[2001,5000,20],[5001,10000,50],[10000,20000,20]]","[10,1,100,1,1000,100,10000,200,100000,5]"
2301,杂货集装箱,集装箱标签破损，记录混乱。它像海上的幽灵货柜，内容物在多次转手后已成谜团，开启它是真正的冒险。,"[[11,15,1000],[16,20,1000],[21,25,50],[26,30,50]]","[[101,50],[102,50],[103,100],[104,100],[105,50],[106,50],[107,200],[108,150],[109,50],[110,150],[201,100],[202,200],[203,100],[204,100],[205,50],[206,500],[207,50],[208,50],[209,300],[301,150]]","[[2001,5000,1],[5001,10000,2],[10000,20000,5],[20001,50000,200],[50001,100000,100]]","[10,1,100,1,1000,20,10000,200,100000,10]"
2302,家居集装箱,箱内是精心包裹的现代家居构件与织物，风格统一，宛如一个跨越重洋、等待被重新定义的生活空间样本。,"[[11,15,1000],[16,20,1000],[21,25,50],[26,30,50]]","[[101,50],[102,500],[103,100],[104,100],[105,500],[106,500],[107,200],[108,150],[109,50],[110,150],[201,100],[202,500],[203,50],[204,100],[205,50],[206,50],[207,50],[208,50],[209,300],[301,150]]","[[2001,5000,1],[5001,10000,2],[10000,20000,5],[20001,50000,200],[50001,100000,100]]","[10,1,100,1,1000,20,10000,200,100000,10]"
2303,数码科技集装箱,箱体有特殊加固痕迹，敲击声沉闷。内部传来隐约的电流嗡鸣与金属冷感，内容物显然需要专业对待。,"[[11,15,1000],[16,20,1000],[21,25,50],[26,30,50]]","[[101,50],[102,50],[103,100],[104,100],[105,50],[106,500],[107,200],[108,150],[109,50],[110,150],[201,100],[202,200],[203,50],[204,100],[205,1000],[206,50],[207,50],[208,50],[209,300],[301,150]]","[[2001,5000,1],[5001,10000,2],[10000,20000,5],[20001,50000,200],[50001,100000,100]]","[10,1,100,1,1000,20,10000,200,100000,10]"
2304,冷链集装箱,冷藏箱的寂静内部，复杂的气味暗示着内容物正处于蜕变临界点，结局的天平摇摆不定。,"[[11,15,1000],[16,20,1000],[21,25,50],[26,30,50]]","[[101,50],[102,50],[103,100],[104,100],[105,50],[106,100],[107,200],[108,150],[109,500],[110,150],[201,100],[202,200],[203,500],[204,100],[205,50],[206,50],[207,50],[208,50],[209,300],[301,150]]","[[2001,5000,1],[5001,10000,2],[10000,20000,5],[20001,50000,200],[50001,100000,100]]","[10,1,100,1,1000,20,10000,200,100000,10]"
2305,古董工艺集装箱,箱体老旧，散发着异域的陈旧气息。内里的容器大小不一，手感或轻或重，秘密与风险被紧紧锁住。,"[[11,15,1000],[16,20,1000],[21,25,50],[26,30,50]]","[[101,500],[102,500],[103,100],[104,100],[105,50],[106,100],[107,200],[108,150],[109,50],[110,150],[201,100],[202,200],[203,150],[204,100],[205,50],[206,500],[207,500],[208,50],[209,300],[301,150]]","[[2001,5000,1],[5001,10000,2],[10000,20000,5],[20001,50000,200],[50001,100000,100]]","[10,1,100,1,1000,20,10000,200,100000,10]"
2306,文博集装箱,箱门开启，是扑鼻的旧纸墨香。里面堆满了各种材质的储藏箱，堪称一座处于静默状态的私人资料库。,"[[11,15,1000],[16,20,1000],[21,25,50],[26,30,50]]","[[101,50],[102,50],[103,100],[104,100],[105,50],[106,50],[107,200],[108,150],[109,50],[110,150],[201,100],[202,200],[203,150],[204,100],[205,50],[206,500],[207,150],[208,50],[209,300],[301,150]]","[[2001,5000,1],[5001,10000,2],[10000,20000,5],[20001,50000,200],[50001,100000,100]]","[10,1,100,1,1000,20,10000,200,100000,10]"
2307,奢华集装箱,外观普通的集装箱内藏着坚实的保密箱，分量惊人，静谧中透着一种不言自明的贵重感。,"[[11,15,1000],[16,20,1000],[21,25,50],[26,30,50]]","[[101,50],[102,500],[103,100],[104,100],[105,50],[106,50],[107,200],[108,150],[109,50],[110,150],[201,100],[202,200],[203,150],[204,100],[205,50],[206,50],[207,100],[208,50],[209,300],[301,150]]","[[2001,5000,1],[5001,10000,2],[10000,20000,5],[20001,50000,200],[50001,100000,100]]","[10,1,100,1,1000,20,10000,200,100000,10]"
2308,医疗用品集装箱,箱体布满警示标志，内有专业的温控架构。尽管系统已失效，但严谨的布局仍暗示着内容物的特殊性。,"[[11,15,1000],[16,20,1000],[21,25,50],[26,30,50]]","[[101,50],[102,50],[103,100],[104,100],[105,50],[106,50],[107,200],[108,150],[109,500],[110,150],[201,100],[202,200],[203,150],[204,100],[205,50],[206,50],[207,100],[208,50],[209,300],[301,150]]","[[2001,5000,1],[5001,10000,2],[10000,20000,5],[20001,50000,200],[50001,100000,100]]","[10,1,100,1,1000,20,10000,200,100000,10]"
2309,军用物资集装箱,文件显示它属于一个已注销的实体。箱内是整齐的标准化储藏箱，喷印着冷峻的行业代码与规格标识。,"[[11,15,1000],[16,20,1000],[21,25,50],[26,30,50]]","[[101,50],[102,50],[103,100],[104,100],[105,50],[106,50],[107,200],[108,150],[109,50],[110,150],[201,100],[202,200],[203,150],[204,100],[205,500],[206,50],[207,100],[208,50],[209,300],[301,150]]","[[2001,5000,1],[5001,10000,2],[10000,20000,5],[20001,50000,200],[50001,100000,100]]","[10,1,100,1,1000,20,10000,200,100000,10]"
2310,潮牌集装箱,箱内充斥着崭新的工业塑料与电子元件气息，货物被防护材料包裹，是一个未被激活的科技空间。,"[[11,15,1000],[16,20,1000],[21,25,50],[26,30,50]]","[[101,50],[102,500],[103,100],[104,100],[105,500],[106,300],[107,200],[108,150],[109,50],[110,150],[201,100],[202,200],[203,150],[204,100],[205,50],[206,50],[207,100],[208,50],[209,300],[301,150]]","[[2001,5000,1],[5001,10000,2],[10000,20000,5],[20001,50000,200],[50001,100000,100]]","[10,1,100,1,1000,20,10000,200,100000,10]"
2401,未知别墅,前任房主身份成谜，离去匆忙。别墅内的物品从日常起居到个人收藏都原封不动，像一个突然凝固的时间胶囊，充满未知。,"[[11,15,1000],[16,20,1000],[21,25,50],[26,30,50]]","[[101,50],[102,50],[103,150],[104,100],[105,50],[106,50],[107,200],[108,150],[109,50],[110,150],[201,100],[202,200],[203,100],[204,100],[205,50],[206,500],[207,50],[208,50],[209,300],[301,250]]","[[2001,5000,1],[5001,10000,1],[10000,20000,2],[20001,50000,5],[50001,100000,200],[100001,200000,100]]","[10,1,100,1,1000,10,10000,200,100000,10]"
2402,设计师居所,这位别墅主人是位品味独到的收藏家。屋内充斥着未拆标签的家具样品和定制时装，整个空间宛如一个私人展示厅。,"[[11,15,1000],[16,20,1000],[21,25,50],[26,30,50]]","[[101,50],[102,500],[103,150],[104,100],[105,500],[106,500],[107,200],[108,150],[109,50],[110,150],[201,100],[202,500],[203,50],[204,100],[205,50],[206,50],[207,50],[208,50],[209,300],[301,150]]","[[2001,5000,1],[5001,10000,1],[10000,20000,2],[20001,50000,5],[50001,100000,200],[100001,200000,100]]","[10,1,100,1,1000,10,10000,200,100000,10]"
2403,科学家居所,原主人是位低调的技术极客。车库经过改造，书房服务器指示灯微亮，地下室里锁着的，是他最硬核的“玩具”与收藏。,"[[11,15,1000],[16,20,1000],[21,25,50],[26,30,50]]","[[101,50],[102,50],[103,150],[104,100],[105,50],[106,500],[107,200],[108,150],[109,50],[110,150],[201,100],[202,200],[203,50],[204,100],[205,1000],[206,50],[207,50],[208,50],[209,300],[301,150]]","[[2001,5000,1],[5001,10000,1],[10000,20000,2],[20001,50000,5],[50001,100000,200],[100001,200000,100]]","[10,1,100,1,1000,10,10000,200,100000,10]"
2404,养生学家居所,别墅拥有巨大的专业厨房和恒温酒窖，同时还有一个设备齐全的私人理疗室，空气中混合着香料与草本的复杂气味。,"[[11,15,1000],[16,20,1000],[21,25,50],[26,30,50]]","[[101,50],[102,50],[103,150],[104,100],[105,50],[106,100],[107,200],[108,150],[109,500],[110,150],[201,100],[202,200],[203,500],[204,100],[205,50],[206,50],[207,50],[208,50],[209,300],[301,150]]","[[2001,5000,1],[5001,10000,1],[10000,20000,2],[20001,50000,5],[50001,100000,200],[100001,200000,100]]","[10,1,100,1,1000,10,10000,200,100000,10]"
2405,望族居所,一个老钱家族的夏日别墅。书房里是沉重的橡木书柜，女主人的梳妆台抽屉未锁，家族的历史与财富被不经意地留在了这里。,"[[11,15,1000],[16,20,1000],[21,25,50],[26,30,50]]","[[101,500],[102,500],[103,150],[104,100],[105,50],[106,100],[107,200],[108,150],[109,50],[110,150],[201,100],[202,200],[203,150],[204,100],[205,50],[206,500],[207,500],[208,50],[209,300],[301,150]]","[[2001,5000,1],[5001,10000,1],[10000,20000,2],[20001,50000,5],[50001,100000,200],[100001,200000,100]]","[10,1,100,1,1000,10,10000,200,100000,10]"
2406,学者居所,原主人是位离群索居的教授。整座别墅几乎被书架填满，手稿和卷轴从书房蔓延到客厅。,"[[11,15,1000],[16,20,1000],[21,25,50],[26,30,50]]","[[101,50],[102,50],[103,150],[104,100],[105,50],[106,50],[107,200],[108,150],[109,50],[110,150],[201,100],[202,200],[203,150],[204,100],[205,50],[206,500],[207,150],[208,50],[209,300],[301,150]]","[[2001,5000,1],[5001,10000,1],[10000,20000,2],[20001,50000,5],[50001,100000,200],[100001,200000,100]]","[10,1,100,1,1000,10,10000,200,100000,10]"
2407,私人金库,这栋别墅的装修极致简约，却配有远超寻常的安防系统。主卧密室的门虚掩着，里面是大小不一的特制保险箱。,"[[11,15,1000],[16,20,1000],[21,25,50],[26,30,50]]","[[101,50],[102,500],[103,150],[104,100],[105,50],[106,50],[107,200],[108,150],[109,50],[110,150],[201,100],[202,200],[203,150],[204,100],[205,50],[206,50],[207,100],[208,50],[209,300],[301,150]]","[[2001,5000,1],[5001,10000,1],[10000,20000,2],[20001,50000,5],[50001,100000,200],[100001,200000,100]]","[10,1,100,1,1000,10,10000,200,100000,10]"
2408,奢华养老院,别墅被改造得明亮整洁，拥有专业的空气过滤系统。一个房间里存放着未带走的医疗设备和小型低温冷藏柜。,"[[11,15,1000],[16,20,1000],[21,25,50],[26,30,50]]","[[101,50],[102,50],[103,150],[104,100],[105,50],[106,50],[107,200],[108,150],[109,500],[110,150],[201,100],[202,200],[203,150],[204,100],[205,50],[206,50],[207,100],[208,50],[209,300],[301,150]]","[[2001,5000,1],[5001,10000,1],[10000,20000,2],[20001,50000,5],[50001,100000,200],[100001,200000,100]]","[10,1,100,1,1000,10,10000,200,100000,10]"
2409,末日庇护所,原主人有极强的安全意识。别墅结构经过特殊加固，地下避难所里存放着一些标有特殊代码的、需要权限才能开启的密封箱。,"[[11,15,1000],[16,20,1000],[21,25,50],[26,30,50]]","[[101,50],[102,50],[103,150],[104,100],[105,50],[106,50],[107,200],[108,150],[109,50],[110,150],[201,100],[202,200],[203,150],[204,100],[205,500],[206,50],[207,100],[208,50],[209,300],[301,150]]","[[2001,5000,1],[5001,10000,1],[10000,20000,2],[20001,50000,5],[50001,100000,200],[100001,200000,100]]","[10,1,100,1,1000,10,10000,200,100000,10]"
2410,极客改造屋,这里是科技宅的天堂。从顶级的影音室到满墙的游戏主机，每一个房间都为了实现数字时代的终极娱乐体验而设计。,"[[11,15,1000],[16,20,1000],[21,25,50],[26,30,50]]","[[101,50],[102,500],[103,150],[104,100],[105,500],[106,300],[107,200],[108,150],[109,50],[110,150],[201,100],[202,200],[203,150],[204,100],[205,50],[206,50],[207,100],[208,50],[209,300],[301,150]]","[[2001,5000,1],[5001,10000,1],[10000,20000,2],[20001,50000,5],[50001,100000,200],[100001,200000,100]]","[10,1,100,1,1000,10,10000,200,100000,10]"
2501,未知残骸,这艘船的国籍与年代已不可考，残骸由多艘沉船堆积而成。打捞出的密封舱内容物极其混杂，是深海真正的盲盒。,"[[11,15,1000],[16,20,1000],[21,25,50],[26,30,50]]","[[101,50],[102,50],[103,150],[104,100],[105,50],[106,50],[107,200],[108,150],[109,50],[110,150],[201,100],[202,200],[203,100],[204,100],[205,50],[206,500],[207,50],[208,50],[209,300],[301,250]]","[[2001,5000,1],[5001,10000,1],[10000,20000,1],[20001,50000,1],[50001,100000,50],[100001,200000,300],[200001,300000,200]]","[10,1,100,1,1000,10,10000,100,100000,30]"
2502,​远洋客轮舱房​,来自一艘触礁沉没的豪华邮轮。此密封舱可能是头等舱套房或奢侈品商店的库房，里面封存着上一个时代的流行与奢华。,"[[11,15,1000],[16,20,1000],[21,25,50],[26,30,50]]","[[101,50],[102,500],[103,150],[104,100],[105,500],[106,500],[107,200],[108,150],[109,50],[110,150],[201,100],[202,500],[203,50],[204,100],[205,50],[206,50],[207,50],[208,50],[209,300],[301,150]]","[[2001,5000,1],[5001,10000,1],[10000,20000,1],[20001,50000,1],[50001,100000,50],[100001,200000,300],[200001,300000,200]]","[10,1,100,1,1000,10,10000,100,100000,30]"
2503,​军用舰艇保险库​,来自一艘因冲突沉没的军用舰艇。舱体坚固异常，内部可能封存着舰载设备的备用零件、通讯器材或舰员的重要私人物品。,"[[11,15,1000],[16,20,1000],[21,25,50],[26,30,50]]","[[101,50],[102,50],[103,150],[104,100],[105,50],[106,500],[107,200],[108,150],[109,50],[110,150],[201,100],[202,200],[203,50],[204,100],[205,1000],[206,50],[207,50],[208,50],[209,300],[301,150]]","[[2001,5000,1],[5001,10000,1],[10000,20000,1],[20001,50000,1],[50001,100000,50],[100001,200000,300],[200001,300000,200]]","[10,1,100,1,1000,10,10000,100,100000,30]"
2504,​冷链货船隔离舱​,一艘专门运输特殊货物的货轮。此舱室具有保温与密封特性，里面或许保存着为特定目的地准备的给养或药剂，状态成谜。,"[[11,15,1000],[16,20,1000],[21,25,50],[26,30,50]]","[[101,50],[102,50],[103,150],[104,100],[105,50],[106,100],[107,200],[108,150],[109,500],[110,150],[201,100],[202,200],[203,500],[204,100],[205,50],[206,50],[207,50],[208,50],[209,300],[301,150]]","[[2001,5000,1],[5001,10000,1],[10000,20000,1],[20001,50000,1],[50001,100000,50],[100001,200000,300],[200001,300000,200]]","[10,1,100,1,1000,10,10000,100,100000,30]"
2505,​殖民商船宝库​,来自大航海时代的失落商船。此舱门被贝类紧紧包裹，里面木箱的轮廓依稀可辨，可能装着改变贸易格局的“白色黄金”。,"[[11,15,1000],[16,20,1000],[21,25,50],[26,30,50]]","[[101,500],[102,500],[103,150],[104,100],[105,50],[106,100],[107,200],[108,150],[109,50],[110,150],[201,100],[202,200],[203,150],[204,100],[205,50],[206,500],[207,500],[208,50],[209,300],[301,150]]","[[2001,5000,1],[5001,10000,1],[10000,20000,1],[20001,50000,1],[50001,100000,50],[100001,200000,300],[200001,300000,200]]","[10,1,100,1,1000,10,10000,100,100000,30]"
2506,​探险家座舰资料库​,属于一支传奇的极地探险队。此防水舱专门用于存放航行日志、珍贵海图与考古拓片，是知识探险家梦寐以求的宝藏。,"[[11,15,1000],[16,20,1000],[21,25,50],[26,30,50]]","[[101,50],[102,50],[103,150],[104,100],[105,50],[106,50],[107,200],[108,150],[109,50],[110,150],[201,100],[202,200],[203,150],[204,100],[205,50],[206,500],[207,150],[208,50],[209,300],[301,150]]","[[2001,5000,1],[5001,10000,1],[10000,20000,1],[20001,50000,1],[50001,100000,50],[100001,200000,300],[200001,300000,200]]","[10,1,100,1,1000,10,10000,100,100000,30]"
2507,​皇家御用货舱​,沉船档案显示它与某位显赫人物密切相关。此舱室规格极高，里面特制的箱子内，或许是为进贡而准备的稀有矿物与瑰宝。,"[[11,15,1000],[16,20,1000],[21,25,50],[26,30,50]]","[[101,50],[102,500],[103,150],[104,100],[105,50],[106,50],[107,200],[108,150],[109,50],[110,150],[201,100],[202,200],[203,150],[204,100],[205,50],[206,50],[207,100],[208,50],[209,300],[301,150]]","[[2001,5000,1],[5001,10000,1],[10000,20000,1],[20001,50000,1],[50001,100000,50],[100001,200000,300],[200001,300000,200]]","[10,1,100,1,1000,10,10000,100,100000,30]"
2508,​生物实验室样本库​,一艘具有科研背景的船只。此舱室标有生物危害标志，内部有严格的固定架，似乎用来保存某种特殊的有机样本。,"[[11,15,1000],[16,20,1000],[21,25,50],[26,30,50]]","[[101,50],[102,50],[103,150],[104,100],[105,50],[106,50],[107,200],[108,150],[109,500],[110,150],[201,100],[202,200],[203,150],[204,100],[205,50],[206,50],[207,100],[208,50],[209,300],[301,150]]","[[2001,5000,1],[5001,10000,1],[10000,20000,1],[20001,50000,1],[50001,100000,50],[100001,200000,300],[200001,300000,200]]","[10,1,100,1,1000,10,10000,100,100000,30]"
2509,​私掠船军火舱​,一艘身份暧昧的武装船只的弹药库。舱内物品被妥善防水处理，主要是那个时代的标准制式装备，但或许有特例。,"[[11,15,1000],[16,20,1000],[21,25,50],[26,30,50]]","[[101,50],[102,50],[103,150],[104,100],[105,50],[106,50],[107,200],[108,150],[109,50],[110,150],[201,100],[202,200],[203,150],[204,100],[205,500],[206,50],[207,100],[208,50],[209,300],[301,150]]","[[2001,5000,1],[5001,10000,1],[10000,20000,1],[20001,50000,1],[50001,100000,50],[100001,200000,300],[200001,300000,200]]","[10,1,100,1,1000,10,10000,100,100000,30]"
2510,​现代货轮娱乐库​,一艘近些年沉没的大型集装箱船。此密封舱内是运往电子市场的“新潮玩具”，包装完好，仿佛时间在此停滞。,"[[11,15,1000],[16,20,1000],[21,25,50],[26,30,50]]","[[101,50],[102,500],[103,150],[104,100],[105,500],[106,300],[107,200],[108,150],[109,50],[110,150],[201,100],[202,200],[203,150],[204,100],[205,50],[206,50],[207,100],[208,50],[209,300],[301,150]]","[[2001,5000,1],[5001,10000,1],[10000,20000,1],[20001,50000,1],[50001,100000,50],[100001,200000,300],[200001,300000,200]]","[10,1,100,1,1000,10,10000,100,100000,30]"
4401,未知别墅,前任房主身份成谜，离去匆忙。别墅内的物品从日常起居到个人收藏都原封不动，像一个突然凝固的时间胶囊，充满未知。,"[[11,15,1000],[16,20,1000],[21,25,50],[26,30,50]]","[[101,50],[102,50],[103,150],[104,100],[105,50],[106,50],[107,200],[108,150],[109,50],[110,150],[201,100],[202,200],[203,100],[204,100],[205,50],[206,500],[207,50],[208,50],[209,300],[301,250]]","[[2001,5000,1],[5001,10000,1],[10000,20000,2],[20001,50000,5],[50001,100000,200],[100001,200000,100]]","[10,1,100,1,1000,10,10000,200,100000,10]"
4402,设计师居所,这位别墅主人是位品味独到的收藏家。屋内充斥着未拆标签的家具样品和定制时装，整个空间宛如一个私人展示厅。,"[[11,15,1000],[16,20,1000],[21,25,50],[26,30,50]]","[[101,50],[102,500],[103,150],[104,100],[105,500],[106,500],[107,200],[108,150],[109,50],[110,150],[201,100],[202,500],[203,50],[204,100],[205,50],[206,50],[207,50],[208,50],[209,300],[301,150]]","[[2001,5000,1],[5001,10000,1],[10000,20000,2],[20001,50000,5],[50001,100000,200],[100001,200000,100]]","[10,1,100,1,1000,10,10000,200,100000,10]"
4403,科学家居所,原主人是位低调的技术极客。车库经过改造，书房服务器指示灯微亮，地下室里锁着的，是他最硬核的“玩具”与收藏。,"[[11,15,1000],[16,20,1000],[21,25,50],[26,30,50]]","[[101,50],[102,50],[103,150],[104,100],[105,50],[106,500],[107,200],[108,150],[109,50],[110,150],[201,100],[202,200],[203,50],[204,100],[205,1000],[206,50],[207,50],[208,50],[209,300],[301,150]]","[[2001,5000,1],[5001,10000,1],[10000,20000,2],[20001,50000,5],[50001,100000,200],[100001,200000,100]]","[10,1,100,1,1000,10,10000,200,100000,10]"
4404,养生学家居所,别墅拥有巨大的专业厨房和恒温酒窖，同时还有一个设备齐全的私人理疗室，空气中混合着香料与草本的复杂气味。,"[[11,15,1000],[16,20,1000],[21,25,50],[26,30,50]]","[[101,50],[102,50],[103,150],[104,100],[105,50],[106,100],[107,200],[108,150],[109,500],[110,150],[201,100],[202,200],[203,500],[204,100],[205,50],[206,50],[207,50],[208,50],[209,300],[301,150]]","[[2001,5000,1],[5001,10000,1],[10000,20000,2],[20001,50000,5],[50001,100000,200],[100001,200000,100]]","[10,1,100,1,1000,10,10000,200,100000,10]"
4405,望族居所,一个老钱家族的夏日别墅。书房里是沉重的橡木书柜，女主人的梳妆台抽屉未锁，家族的历史与财富被不经意地留在了这里。,"[[11,15,1000],[16,20,1000],[21,25,50],[26,30,50]]","[[101,500],[102,500],[103,150],[104,100],[105,50],[106,100],[107,200],[108,150],[109,50],[110,150],[201,100],[202,200],[203,150],[204,100],[205,50],[206,500],[207,500],[208,50],[209,300],[301,150]]","[[2001,5000,1],[5001,10000,1],[10000,20000,2],[20001,50000,5],[50001,100000,200],[100001,200000,100]]","[10,1,100,1,1000,10,10000,200,100000,10]"
4406,学者居所,原主人是位离群索居的教授。整座别墅几乎被书架填满，手稿和卷轴从书房蔓延到客厅。,"[[11,15,1000],[16,20,1000],[21,25,50],[26,30,50]]","[[101,50],[102,50],[103,150],[104,100],[105,50],[106,50],[107,200],[108,150],[109,50],[110,150],[201,100],[202,200],[203,150],[204,100],[205,50],[206,500],[207,150],[208,50],[209,300],[301,150]]","[[2001,5000,1],[5001,10000,1],[10000,20000,2],[20001,50000,5],[50001,100000,200],[100001,200000,100]]","[10,1,100,1,1000,10,10000,200,100000,10]"
4407,私人金库,这栋别墅的装修极致简约，却配有远超寻常的安防系统。主卧密室的门虚掩着，里面是大小不一的特制保险箱。,"[[11,15,1000],[16,20,1000],[21,25,50],[26,30,50]]","[[101,50],[102,500],[103,150],[104,100],[105,50],[106,50],[107,200],[108,150],[109,50],[110,150],[201,100],[202,200],[203,150],[204,100],[205,50],[206,50],[207,100],[208,50],[209,300],[301,150]]","[[2001,5000,1],[5001,10000,1],[10000,20000,2],[20001,50000,5],[50001,100000,200],[100001,200000,100]]","[10,1,100,1,1000,10,10000,200,100000,10]"
4408,奢华养老院,别墅被改造得明亮整洁，拥有专业的空气过滤系统。一个房间里存放着未带走的医疗设备和小型低温冷藏柜。,"[[11,15,1000],[16,20,1000],[21,25,50],[26,30,50]]","[[101,50],[102,50],[103,150],[104,100],[105,50],[106,50],[107,200],[108,150],[109,500],[110,150],[201,100],[202,200],[203,150],[204,100],[205,50],[206,50],[207,100],[208,50],[209,300],[301,150]]","[[2001,5000,1],[5001,10000,1],[10000,20000,2],[20001,50000,5],[50001,100000,200],[100001,200000,100]]","[10,1,100,1,1000,10,10000,200,100000,10]"
4409,末日庇护所,原主人有极强的安全意识。别墅结构经过特殊加固，地下避难所里存放着一些标有特殊代码的、需要权限才能开启的密封箱。,"[[11,15,1000],[16,20,1000],[21,25,50],[26,30,50]]","[[101,50],[102,50],[103,150],[104,100],[105,50],[106,50],[107,200],[108,150],[109,50],[110,150],[201,100],[202,200],[203,150],[204,100],[205,500],[206,50],[207,100],[208,50],[209,300],[301,150]]","[[2001,5000,1],[5001,10000,1],[10000,20000,2],[20001,50000,5],[50001,100000,200],[100001,200000,100]]","[10,1,100,1,1000,10,10000,200,100000,10]"
4410,极客改造屋,这里是科技宅的天堂。从顶级的影音室到满墙的游戏主机，每一个房间都为了实现数字时代的终极娱乐体验而设计。,"[[11,15,1000],[16,20,1000],[21,25,50],[26,30,50]]","[[101,50],[102,500],[103,150],[104,100],[105,500],[106,300],[107,200],[108,150],[109,50],[110,150],[201,100],[202,200],[203,150],[204,100],[205,50],[206,50],[207,100],[208,50],[209,300],[301,150]]","[[2001,5000,1],[5001,10000,1],[10000,20000,2],[20001,50000,5],[50001,100000,200],[100001,200000,100]]","[10,1,100,1,1000,10,10000,200,100000,10]"
4501,未知残骸,这艘船的国籍与年代已不可考，残骸由多艘沉船堆积而成。打捞出的密封舱内容物极其混杂，是深海真正的盲盒。,"[[11,15,1000],[16,20,1000],[21,25,50],[26,30,50]]","[[101,50],[102,50],[103,150],[104,100],[105,50],[106,50],[107,200],[108,150],[109,50],[110,150],[201,100],[202,200],[203,100],[204,100],[205,50],[206,500],[207,50],[208,50],[209,300],[301,250]]","[[2001,5000,1],[5001,10000,1],[10000,20000,1],[20001,50000,1],[50001,100000,50],[100001,200000,300],[200001,300000,200]]","[10,1,100,1,1000,10,10000,100,100000,30]"
4502,​远洋客轮舱房​,来自一艘触礁沉没的豪华邮轮。此密封舱可能是头等舱套房或奢侈品商店的库房，里面封存着上一个时代的流行与奢华。,"[[11,15,1000],[16,20,1000],[21,25,50],[26,30,50]]","[[101,50],[102,500],[103,150],[104,100],[105,500],[106,500],[107,200],[108,150],[109,50],[110,150],[201,100],[202,500],[203,50],[204,100],[205,50],[206,50],[207,50],[208,50],[209,300],[301,150]]","[[2001,5000,1],[5001,10000,1],[10000,20000,1],[20001,50000,1],[50001,100000,50],[100001,200000,300],[200001,300000,200]]","[10,1,100,1,1000,10,10000,100,100000,30]"
4503,​军用舰艇保险库​,来自一艘因冲突沉没的军用舰艇。舱体坚固异常，内部可能封存着舰载设备的备用零件、通讯器材或舰员的重要私人物品。,"[[11,15,1000],[16,20,1000],[21,25,50],[26,30,50]]","[[101,50],[102,50],[103,150],[104,100],[105,50],[106,500],[107,200],[108,150],[109,50],[110,150],[201,100],[202,200],[203,50],[204,100],[205,1000],[206,50],[207,50],[208,50],[209,300],[301,150]]","[[2001,5000,1],[5001,10000,1],[10000,20000,1],[20001,50000,1],[50001,100000,50],[100001,200000,300],[200001,300000,200]]","[10,1,100,1,1000,10,10000,100,100000,30]"
4504,​冷链货船隔离舱​,一艘专门运输特殊货物的货轮。此舱室具有保温与密封特性，里面或许保存着为特定目的地准备的给养或药剂，状态成谜。,"[[11,15,1000],[16,20,1000],[21,25,50],[26,30,50]]","[[101,50],[102,50],[103,150],[104,100],[105,50],[106,100],[107,200],[108,150],[109,500],[110,150],[201,100],[202,200],[203,500],[204,100],[205,50],[206,50],[207,50],[208,50],[209,300],[301,150]]","[[2001,5000,1],[5001,10000,1],[10000,20000,1],[20001,50000,1],[50001,100000,50],[100001,200000,300],[200001,300000,200]]","[10,1,100,1,1000,10,10000,100,100000,30]"
4505,​殖民商船宝库​,来自大航海时代的失落商船。此舱门被贝类紧紧包裹，里面木箱的轮廓依稀可辨，可能装着改变贸易格局的“白色黄金”。,"[[11,15,1000],[16,20,1000],[21,25,50],[26,30,50]]","[[101,500],[102,500],[103,150],[104,100],[105,50],[106,100],[107,200],[108,150],[109,50],[110,150],[201,100],[202,200],[203,150],[204,100],[205,50],[206,500],[207,500],[208,50],[209,300],[301,150]]","[[2001,5000,1],[5001,10000,1],[10000,20000,1],[20001,50000,1],[50001,100000,50],[100001,200000,300],[200001,300000,200]]","[10,1,100,1,1000,10,10000,100,100000,30]"
4506,​探险家座舰资料库​,属于一支传奇的极地探险队。此防水舱专门用于存放航行日志、珍贵海图与考古拓片，是知识探险家梦寐以求的宝藏。,"[[11,15,1000],[16,20,1000],[21,25,50],[26,30,50]]","[[101,50],[102,50],[103,150],[104,100],[105,50],[106,50],[107,200],[108,150],[109,50],[110,150],[201,100],[202,200],[203,150],[204,100],[205,50],[206,500],[207,150],[208,50],[209,300],[301,150]]","[[2001,5000,1],[5001,10000,1],[10000,20000,1],[20001,50000,1],[50001,100000,50],[100001,200000,300],[200001,300000,200]]","[10,1,100,1,1000,10,10000,100,100000,30]"
4507,​皇家御用货舱​,沉船档案显示它与某位显赫人物密切相关。此舱室规格极高，里面特制的箱子内，或许是为进贡而准备的稀有矿物与瑰宝。,"[[11,15,1000],[16,20,1000],[21,25,50],[26,30,50]]","[[101,50],[102,500],[103,150],[104,100],[105,50],[106,50],[107,200],[108,150],[109,50],[110,150],[201,100],[202,200],[203,150],[204,100],[205,50],[206,50],[207,100],[208,50],[209,300],[301,150]]","[[2001,5000,1],[5001,10000,1],[10000,20000,1],[20001,50000,1],[50001,100000,50],[100001,200000,300],[200001,300000,200]]","[10,1,100,1,1000,10,10000,100,100000,30]"
4508,​生物实验室样本库​,一艘具有科研背景的船只。此舱室标有生物危害标志，内部有严格的固定架，似乎用来保存某种特殊的有机样本。,"[[11,15,1000],[16,20,1000],[21,25,50],[26,30,50]]","[[101,50],[102,50],[103,150],[104,100],[105,50],[106,50],[107,200],[108,150],[109,500],[110,150],[201,100],[202,200],[203,150],[204,100],[205,50],[206,50],[207,100],[208,50],[209,300],[301,150]]","[[2001,5000,1],[5001,10000,1],[10000,20000,1],[20001,50000,1],[50001,100000,50],[100001,200000,300],[200001,300000,200]]","[10,1,100,1,1000,10,10000,100,100000,30]"
4509,​私掠船军火舱​,一艘身份暧昧的武装船只的弹药库。舱内物品被妥善防水处理，主要是那个时代的标准制式装备，但或许有特例。,"[[11,15,1000],[16,20,1000],[21,25,50],[26,30,50]]","[[101,50],[102,50],[103,150],[104,100],[105,50],[106,50],[107,200],[108,150],[109,50],[110,150],[201,100],[202,200],[203,150],[204,100],[205,500],[206,50],[207,100],[208,50],[209,300],[301,150]]","[[2001,5000,1],[5001,10000,1],[10000,20000,1],[20001,50000,1],[50001,100000,50],[100001,200000,300],[200001,300000,200]]","[10,1,100,1,1000,10,10000,100,100000,30]"
4510,​现代货轮娱乐库​,一艘近些年沉没的大型集装箱船。此密封舱内是运往电子市场的“新潮玩具”，包装完好，仿佛时间在此停滞。,"[[11,15,1000],[16,20,1000],[21,25,50],[26,30,50]]","[[101,50],[102,500],[103,150],[104,100],[105,500],[106,300],[107,200],[108,150],[109,50],[110,150],[201,100],[202,200],[203,150],[204,100],[205,50],[206,50],[207,100],[208,50],[209,300],[301,150]]","[[2001,5000,1],[5001,10000,1],[10000,20000,1],[20001,50000,1],[50001,100000,50],[100001,200000,300],[200001,300000,200]]","[10,1,100,1,1000,10,10000,100,100000,30]"
2601,隐秘拍卖会,这场高阶盛宴隐匿于神秘之所，唯有最顶尖的竞买人才能获得入场资格，非顶尖者连窥伺资格都没有。拍卖台铺着暗纹丝绒，鎏金托盘上的每件拍品都覆着暗纹密封罩，隐约透出奇异光泽，藏着跨越时代的隐秘、未被揭晓的真相与不可估量的价值。,"[[11,15,1000],[16,20,1000],[21,25,50],[26,30,50]]","[[101,50],[102,500],[103,150],[104,100],[105,500],[106,300],[107,200],[108,150],[109,50],[110,150],[201,100],[202,200],[203,150],[204,100],[205,50],[206,50],[207,100],[208,50],[209,300],[301,150]]","[[100001,200000,1],[200001,300000,1],[300000,400000,1],[400001,500000,1],[500001,1000000,50],[1000001,2000000,300],[2000001,3000000,200]]","[10,1,100,1,1000,10,10000,100,100000,30]"
2511,未知残骸,这艘船的国籍与年代已不可考，残骸由多艘沉船堆积而成。打捞出的密封舱内容物极其混杂，是深海真正的盲盒。,"[[11,15,1000],[16,20,1000],[21,25,50],[26,30,50]]","[[101,50],[102,50],[103,150],[104,100],[105,50],[106,50],[107,200],[108,150],[109,50],[110,150],[201,100],[202,200],[203,100],[204,100],[205,50],[206,500],[207,50],[208,50],[209,300],[301,250]]","[[2001,5000,1],[5001,10000,1],[10000,20000,1],[20001,50000,1],[50001,100000,50],[100001,200000,300],[200001,300000,200]]","[10,1,100,1,1000,10,10000,100,100000,30]"
2512,​远洋客轮舱房​,来自一艘触礁沉没的豪华邮轮。此密封舱可能是头等舱套房或奢侈品商店的库房，里面封存着上一个时代的流行与奢华。,"[[11,15,1000],[16,20,1000],[21,25,50],[26,30,50]]","[[101,50],[102,500],[103,150],[104,100],[105,500],[106,500],[107,200],[108,150],[109,50],[110,150],[201,100],[202,500],[203,50],[204,100],[205,50],[206,50],[207,50],[208,50],[209,300],[301,150]]","[[2001,5000,1],[5001,10000,1],[10000,20000,1],[20001,50000,1],[50001,100000,50],[100001,200000,300],[200001,300000,200]]","[10,1,100,1,1000,10,10000,100,100000,30]"
2513,​军用舰艇保险库​,来自一艘因冲突沉没的军用舰艇。舱体坚固异常，内部可能封存着舰载设备的备用零件、通讯器材或舰员的重要私人物品。,"[[11,15,1000],[16,20,1000],[21,25,50],[26,30,50]]","[[101,50],[102,50],[103,150],[104,100],[105,50],[106,500],[107,200],[108,150],[109,50],[110,150],[201,100],[202,200],[203,50],[204,100],[205,1000],[206,50],[207,50],[208,50],[209,300],[301,150]]","[[2001,5000,1],[5001,10000,1],[10000,20000,1],[20001,50000,1],[50001,100000,50],[100001,200000,300],[200001,300000,200]]","[10,1,100,1,1000,10,10000,100,100000,30]"
2514,​冷链货船隔离舱​,一艘专门运输特殊货物的货轮。此舱室具有保温与密封特性，里面或许保存着为特定目的地准备的给养或药剂，状态成谜。,"[[11,15,1000],[16,20,1000],[21,25,50],[26,30,50]]","[[101,50],[102,50],[103,150],[104,100],[105,50],[106,100],[107,200],[108,150],[109,500],[110,150],[201,100],[202,200],[203,500],[204,100],[205,50],[206,50],[207,50],[208,50],[209,300],[301,150]]","[[2001,5000,1],[5001,10000,1],[10000,20000,1],[20001,50000,1],[50001,100000,50],[100001,200000,300],[200001,300000,200]]","[10,1,100,1,1000,10,10000,100,100000,30]"
2515,​殖民商船宝库​,来自大航海时代的失落商船。此舱门被贝类紧紧包裹，里面木箱的轮廓依稀可辨，可能装着改变贸易格局的“白色黄金”。,"[[11,15,1000],[16,20,1000],[21,25,50],[26,30,50]]","[[101,500],[102,500],[103,150],[104,100],[105,50],[106,100],[107,200],[108,150],[109,50],[110,150],[201,100],[202,200],[203,150],[204,100],[205,50],[206,500],[207,500],[208,50],[209,300],[301,150]]","[[2001,5000,1],[5001,10000,1],[10000,20000,1],[20001,50000,1],[50001,100000,50],[100001,200000,300],[200001,300000,200]]","[10,1,100,1,1000,10,10000,100,100000,30]"
2516,​探险家座舰资料库​,属于一支传奇的极地探险队。此防水舱专门用于存放航行日志、珍贵海图与考古拓片，是知识探险家梦寐以求的宝藏。,"[[11,15,1000],[16,20,1000],[21,25,50],[26,30,50]]","[[101,50],[102,50],[103,150],[104,100],[105,50],[106,50],[107,200],[108,150],[109,50],[110,150],[201,100],[202,200],[203,150],[204,100],[205,50],[206,500],[207,150],[208,50],[209,300],[301,150]]","[[2001,5000,1],[5001,10000,1],[10000,20000,1],[20001,50000,1],[50001,100000,50],[100001,200000,300],[200001,300000,200]]","[10,1,100,1,1000,10,10000,100,100000,30]"
2517,​皇家御用货舱​,沉船档案显示它与某位显赫人物密切相关。此舱室规格极高，里面特制的箱子内，或许是为进贡而准备的稀有矿物与瑰宝。,"[[11,15,1000],[16,20,1000],[21,25,50],[26,30,50]]","[[101,50],[102,500],[103,150],[104,100],[105,50],[106,50],[107,200],[108,150],[109,50],[110,150],[201,100],[202,200],[203,150],[204,100],[205,50],[206,50],[207,100],[208,50],[209,300],[301,150]]","[[2001,5000,1],[5001,10000,1],[10000,20000,1],[20001,50000,1],[50001,100000,50],[100001,200000,300],[200001,300000,200]]","[10,1,100,1,1000,10,10000,100,100000,30]"
2518,​生物实验室样本库​,一艘具有科研背景的船只。此舱室标有生物危害标志，内部有严格的固定架，似乎用来保存某种特殊的有机样本。,"[[11,15,1000],[16,20,1000],[21,25,50],[26,30,50]]","[[101,50],[102,50],[103,150],[104,100],[105,50],[106,50],[107,200],[108,150],[109,500],[110,150],[201,100],[202,200],[203,150],[204,100],[205,50],[206,50],[207,100],[208,50],[209,300],[301,150]]","[[2001,5000,1],[5001,10000,1],[10000,20000,1],[20001,50000,1],[50001,100000,50],[100001,200000,300],[200001,300000,200]]","[10,1,100,1,1000,10,10000,100,100000,30]"
2519,​私掠船军火舱​,一艘身份暧昧的武装船只的弹药库。舱内物品被妥善防水处理，主要是那个时代的标准制式装备，但或许有特例。,"[[11,15,1000],[16,20,1000],[21,25,50],[26,30,50]]","[[101,50],[102,50],[103,150],[104,100],[105,50],[106,50],[107,200],[108,150],[109,50],[110,150],[201,100],[202,200],[203,150],[204,100],[205,500],[206,50],[207,100],[208,50],[209,300],[301,150]]","[[2001,5000,1],[5001,10000,1],[10000,20000,1],[20001,50000,1],[50001,100000,50],[100001,200000,300],[200001,300000,200]]","[10,1,100,1,1000,10,10000,100,100000,30]"
2520,​现代货轮娱乐库​,一艘近些年沉没的大型集装箱船。此密封舱内是运往电子市场的“新潮玩具”，包装完好，仿佛时间在此停滞。,"[[11,15,1000],[16,20,1000],[21,25,50],[26,30,50]]","[[101,50],[102,500],[103,150],[104,100],[105,500],[106,300],[107,200],[108,150],[109,50],[110,150],[201,100],[202,200],[203,150],[204,100],[205,50],[206,50],[207,100],[208,50],[209,300],[301,150]]","[[2001,5000,1],[5001,10000,1],[10000,20000,1],[20001,50000,1],[50001,100000,50],[100001,200000,300],[200001,300000,200]]","[10,1,100,1,1000,10,10000,100,100000,30]"
4511,未知残骸,这艘船的国籍与年代已不可考，残骸由多艘沉船堆积而成。打捞出的密封舱内容物极其混杂，是深海真正的盲盒。,"[[11,15,1000],[16,20,1000],[21,25,50],[26,30,50]]","[[101,50],[102,50],[103,150],[104,100],[105,50],[106,50],[107,200],[108,150],[109,50],[110,150],[201,100],[202,200],[203,100],[204,100],[205,50],[206,500],[207,50],[208,50],[209,300],[301,250]]","[[2001,5000,1],[5001,10000,1],[10000,20000,1],[20001,50000,1],[50001,100000,50],[100001,200000,300],[200001,300000,200]]","[10,1,100,1,1000,10,10000,100,100000,30]"
4512,​远洋客轮舱房​,来自一艘触礁沉没的豪华邮轮。此密封舱可能是头等舱套房或奢侈品商店的库房，里面封存着上一个时代的流行与奢华。,"[[11,15,1000],[16,20,1000],[21,25,50],[26,30,50]]","[[101,50],[102,500],[103,150],[104,100],[105,500],[106,500],[107,200],[108,150],[109,50],[110,150],[201,100],[202,500],[203,50],[204,100],[205,50],[206,50],[207,50],[208,50],[209,300],[301,150]]","[[2001,5000,1],[5001,10000,1],[10000,20000,1],[20001,50000,1],[50001,100000,50],[100001,200000,300],[200001,300000,200]]","[10,1,100,1,1000,10,10000,100,100000,30]"
4513,​军用舰艇保险库​,来自一艘因冲突沉没的军用舰艇。舱体坚固异常，内部可能封存着舰载设备的备用零件、通讯器材或舰员的重要私人物品。,"[[11,15,1000],[16,20,1000],[21,25,50],[26,30,50]]","[[101,50],[102,50],[103,150],[104,100],[105,50],[106,500],[107,200],[108,150],[109,50],[110,150],[201,100],[202,200],[203,50],[204,100],[205,1000],[206,50],[207,50],[208,50],[209,300],[301,150]]","[[2001,5000,1],[5001,10000,1],[10000,20000,1],[20001,50000,1],[50001,100000,50],[100001,200000,300],[200001,300000,200]]","[10,1,100,1,1000,10,10000,100,100000,30]"
4514,​冷链货船隔离舱​,一艘专门运输特殊货物的货轮。此舱室具有保温与密封特性，里面或许保存着为特定目的地准备的给养或药剂，状态成谜。,"[[11,15,1000],[16,20,1000],[21,25,50],[26,30,50]]","[[101,50],[102,50],[103,150],[104,100],[105,50],[106,100],[107,200],[108,150],[109,500],[110,150],[201,100],[202,200],[203,500],[204,100],[205,50],[206,50],[207,50],[208,50],[209,300],[301,150]]","[[2001,5000,1],[5001,10000,1],[10000,20000,1],[20001,50000,1],[50001,100000,50],[100001,200000,300],[200001,300000,200]]","[10,1,100,1,1000,10,10000,100,100000,30]"
4515,​殖民商船宝库​,来自大航海时代的失落商船。此舱门被贝类紧紧包裹，里面木箱的轮廓依稀可辨，可能装着改变贸易格局的“白色黄金”。,"[[11,15,1000],[16,20,1000],[21,25,50],[26,30,50]]","[[101,500],[102,500],[103,150],[104,100],[105,50],[106,100],[107,200],[108,150],[109,50],[110,150],[201,100],[202,200],[203,150],[204,100],[205,50],[206,500],[207,500],[208,50],[209,300],[301,150]]","[[2001,5000,1],[5001,10000,1],[10000,20000,1],[20001,50000,1],[50001,100000,50],[100001,200000,300],[200001,300000,200]]","[10,1,100,1,1000,10,10000,100,100000,30]"
4516,​探险家座舰资料库​,属于一支传奇的极地探险队。此防水舱专门用于存放航行日志、珍贵海图与考古拓片，是知识探险家梦寐以求的宝藏。,"[[11,15,1000],[16,20,1000],[21,25,50],[26,30,50]]","[[101,50],[102,50],[103,150],[104,100],[105,50],[106,50],[107,200],[108,150],[109,50],[110,150],[201,100],[202,200],[203,150],[204,100],[205,50],[206,500],[207,150],[208,50],[209,300],[301,150]]","[[2001,5000,1],[5001,10000,1],[10000,20000,1],[20001,50000,1],[50001,100000,50],[100001,200000,300],[200001,300000,200]]","[10,1,100,1,1000,10,10000,100,100000,30]"
4517,​皇家御用货舱​,沉船档案显示它与某位显赫人物密切相关。此舱室规格极高，里面特制的箱子内，或许是为进贡而准备的稀有矿物与瑰宝。,"[[11,15,1000],[16,20,1000],[21,25,50],[26,30,50]]","[[101,50],[102,500],[103,150],[104,100],[105,50],[106,50],[107,200],[108,150],[109,50],[110,150],[201,100],[202,200],[203,150],[204,100],[205,50],[206,50],[207,100],[208,50],[209,300],[301,150]]","[[2001,5000,1],[5001,10000,1],[10000,20000,1],[20001,50000,1],[50001,100000,50],[100001,200000,300],[200001,300000,200]]","[10,1,100,1,1000,10,10000,100,100000,30]"
4518,​生物实验室样本库​,一艘具有科研背景的船只。此舱室标有生物危害标志，内部有严格的固定架，似乎用来保存某种特殊的有机样本。,"[[11,15,1000],[16,20,1000],[21,25,50],[26,30,50]]","[[101,50],[102,50],[103,150],[104,100],[105,50],[106,50],[107,200],[108,150],[109,500],[110,150],[201,100],[202,200],[203,150],[204,100],[205,50],[206,50],[207,100],[208,50],[209,300],[301,150]]","[[2001,5000,1],[5001,10000,1],[10000,20000,1],[20001,50000,1],[50001,100000,50],[100001,200000,300],[200001,300000,200]]","[10,1,100,1,1000,10,10000,100,100000,30]"
4519,​私掠船军火舱​,一艘身份暧昧的武装船只的弹药库。舱内物品被妥善防水处理，主要是那个时代的标准制式装备，但或许有特例。,"[[11,15,1000],[16,20,1000],[21,25,50],[26,30,50]]","[[101,50],[102,50],[103,150],[104,100],[105,50],[106,50],[107,200],[108,150],[109,50],[110,150],[201,100],[202,200],[203,150],[204,100],[205,500],[206,50],[207,100],[208,50],[209,300],[301,150]]","[[2001,5000,1],[5001,10000,1],[10000,20000,1],[20001,50000,1],[50001,100000,50],[100001,200000,300],[200001,300000,200]]","[10,1,100,1,1000,10,10000,100,100000,30]"
4520,​现代货轮娱乐库​,一艘近些年沉没的大型集装箱船。此密封舱内是运往电子市场的“新潮玩具”，包装完好，仿佛时间在此停滞。,"[[11,15,1000],[16,20,1000],[21,25,50],[26,30,50]]","[[101,50],[102,500],[103,150],[104,100],[105,500],[106,300],[107,200],[108,150],[109,50],[110,150],[201,100],[202,200],[203,150],[204,100],[205,50],[206,50],[207,100],[208,50],[209,300],[301,150]]","[[2001,5000,1],[5001,10000,1],[10000,20000,1],[20001,50000,1],[50001,100000,50],[100001,200000,300],[200001,300000,200]]","[10,1,100,1,1000,10,10000,100,100000,30]"
2521,未知残骸,白色DOWN红色UP,"[[11,15,1000],[16,20,1000],[21,25,50],[26,30,50]]","[[101,50],[102,50],[103,150],[104,100],[105,50],[106,50],[107,200],[108,150],[109,50],[110,150],[201,100],[202,200],[203,100],[204,100],[205,50],[206,500],[207,50],[208,50],[209,300],[301,250]]","[[2001,5000,1],[5001,10000,1],[10000,20000,1],[20001,50000,1],[50001,100000,50],[100001,200000,300],[200001,300000,200]]","[10,1,100,1,1000,10,10000,100,100000,30]"
2522,​远洋客轮舱房​,白色DOWN红色UP,"[[11,15,1000],[16,20,1000],[21,25,50],[26,30,50]]","[[101,50],[102,500],[103,150],[104,100],[105,500],[106,500],[107,200],[108,150],[109,50],[110,150],[201,100],[202,500],[203,50],[204,100],[205,50],[206,50],[207,50],[208,50],[209,300],[301,150]]","[[2001,5000,1],[5001,10000,1],[10000,20000,1],[20001,50000,1],[50001,100000,50],[100001,200000,300],[200001,300000,200]]","[10,1,100,1,1000,10,10000,100,100000,30]"
2523,​军用舰艇保险库​,白色DOWN红色UP,"[[11,15,1000],[16,20,1000],[21,25,50],[26,30,50]]","[[101,50],[102,50],[103,150],[104,100],[105,50],[106,500],[107,200],[108,150],[109,50],[110,150],[201,100],[202,200],[203,50],[204,100],[205,1000],[206,50],[207,50],[208,50],[209,300],[301,150]]","[[2001,5000,1],[5001,10000,1],[10000,20000,1],[20001,50000,1],[50001,100000,50],[100001,200000,300],[200001,300000,200]]","[10,1,100,1,1000,10,10000,100,100000,30]"
2524,​冷链货船隔离舱​,白色DOWN红色UP,"[[11,15,1000],[16,20,1000],[21,25,50],[26,30,50]]","[[101,50],[102,50],[103,150],[104,100],[105,50],[106,100],[107,200],[108,150],[109,500],[110,150],[201,100],[202,200],[203,500],[204,100],[205,50],[206,50],[207,50],[208,50],[209,300],[301,150]]","[[2001,5000,1],[5001,10000,1],[10000,20000,1],[20001,50000,1],[50001,100000,50],[100001,200000,300],[200001,300000,200]]","[10,1,100,1,1000,10,10000,100,100000,30]"
2525,​殖民商船宝库​,白色DOWN红色UP,"[[11,15,1000],[16,20,1000],[21,25,50],[26,30,50]]","[[101,500],[102,500],[103,150],[104,100],[105,50],[106,100],[107,200],[108,150],[109,50],[110,150],[201,100],[202,200],[203,150],[204,100],[205,50],[206,500],[207,500],[208,50],[209,300],[301,150]]","[[2001,5000,1],[5001,10000,1],[10000,20000,1],[20001,50000,1],[50001,100000,50],[100001,200000,300],[200001,300000,200]]","[10,1,100,1,1000,10,10000,100,100000,30]"
2526,​探险家座舰资料库​,白色DOWN红色UP,"[[11,15,1000],[16,20,1000],[21,25,50],[26,30,50]]","[[101,50],[102,50],[103,150],[104,100],[105,50],[106,50],[107,200],[108,150],[109,50],[110,150],[201,100],[202,200],[203,150],[204,100],[205,50],[206,500],[207,150],[208,50],[209,300],[301,150]]","[[2001,5000,1],[5001,10000,1],[10000,20000,1],[20001,50000,1],[50001,100000,50],[100001,200000,300],[200001,300000,200]]","[10,1,100,1,1000,10,10000,100,100000,30]"
2527,​皇家御用货舱​,白色DOWN红色UP,"[[11,15,1000],[16,20,1000],[21,25,50],[26,30,50]]","[[101,50],[102,500],[103,150],[104,100],[105,50],[106,50],[107,200],[108,150],[109,50],[110,150],[201,100],[202,200],[203,150],[204,100],[205,50],[206,50],[207,100],[208,50],[209,300],[301,150]]","[[2001,5000,1],[5001,10000,1],[10000,20000,1],[20001,50000,1],[50001,100000,50],[100001,200000,300],[200001,300000,200]]","[10,1,100,1,1000,10,10000,100,100000,30]"
2528,​生物实验室样本库​,白色DOWN红色UP,"[[11,15,1000],[16,20,1000],[21,25,50],[26,30,50]]","[[101,50],[102,50],[103,150],[104,100],[105,50],[106,50],[107,200],[108,150],[109,500],[110,150],[201,100],[202,200],[203,150],[204,100],[205,50],[206,50],[207,100],[208,50],[209,300],[301,150]]","[[2001,5000,1],[5001,10000,1],[10000,20000,1],[20001,50000,1],[50001,100000,50],[100001,200000,300],[200001,300000,200]]","[10,1,100,1,1000,10,10000,100,100000,30]"
2529,​私掠船军火舱​,白色DOWN红色UP,"[[11,15,1000],[16,20,1000],[21,25,50],[26,30,50]]","[[101,50],[102,50],[103,150],[104,100],[105,50],[106,50],[107,200],[108,150],[109,50],[110,150],[201,100],[202,200],[203,150],[204,100],[205,500],[206,50],[207,100],[208,50],[209,300],[301,150]]","[[2001,5000,1],[5001,10000,1],[10000,20000,1],[20001,50000,1],[50001,100000,50],[100001,200000,300],[200001,300000,200]]","[10,1,100,1,1000,10,10000,100,100000,30]"
2530,​现代货轮娱乐库​,白色DOWN红色UP,"[[11,15,1000],[16,20,1000],[21,25,50],[26,30,50]]","[[101,50],[102,500],[103,150],[104,100],[105,500],[106,300],[107,200],[108,150],[109,50],[110,150],[201,100],[202,200],[203,150],[204,100],[205,50],[206,50],[207,100],[208,50],[209,300],[301,150]]","[[2001,5000,1],[5001,10000,1],[10000,20000,1],[20001,50000,1],[50001,100000,50],[100001,200000,300],[200001,300000,200]]","[10,1,100,1,1000,10,10000,100,100000,30]"
4521,未知残骸,白色DOWN红色UP,"[[11,15,1000],[16,20,1000],[21,25,50],[26,30,50]]","[[101,50],[102,50],[103,150],[104,100],[105,50],[106,50],[107,200],[108,150],[109,50],[110,150],[201,100],[202,200],[203,100],[204,100],[205,50],[206,500],[207,50],[208,50],[209,300],[301,250]]","[[2001,5000,1],[5001,10000,1],[10000,20000,1],[20001,50000,1],[50001,100000,50],[100001,200000,300],[200001,300000,200]]","[10,1,100,1,1000,10,10000,100,100000,30]"
4522,​远洋客轮舱房​,白色DOWN红色UP,"[[11,15,1000],[16,20,1000],[21,25,50],[26,30,50]]","[[101,50],[102,500],[103,150],[104,100],[105,500],[106,500],[107,200],[108,150],[109,50],[110,150],[201,100],[202,500],[203,50],[204,100],[205,50],[206,50],[207,50],[208,50],[209,300],[301,150]]","[[2001,5000,1],[5001,10000,1],[10000,20000,1],[20001,50000,1],[50001,100000,50],[100001,200000,300],[200001,300000,200]]","[10,1,100,1,1000,10,10000,100,100000,30]"
4523,​军用舰艇保险库​,白色DOWN红色UP,"[[11,15,1000],[16,20,1000],[21,25,50],[26,30,50]]","[[101,50],[102,50],[103,150],[104,100],[105,50],[106,500],[107,200],[108,150],[109,50],[110,150],[201,100],[202,200],[203,50],[204,100],[205,1000],[206,50],[207,50],[208,50],[209,300],[301,150]]","[[2001,5000,1],[5001,10000,1],[10000,20000,1],[20001,50000,1],[50001,100000,50],[100001,200000,300],[200001,300000,200]]","[10,1,100,1,1000,10,10000,100,100000,30]"
4524,​冷链货船隔离舱​,白色DOWN红色UP,"[[11,15,1000],[16,20,1000],[21,25,50],[26,30,50]]","[[101,50],[102,50],[103,150],[104,100],[105,50],[106,100],[107,200],[108,150],[109,500],[110,150],[201,100],[202,200],[203,500],[204,100],[205,50],[206,50],[207,50],[208,50],[209,300],[301,150]]","[[2001,5000,1],[5001,10000,1],[10000,20000,1],[20001,50000,1],[50001,100000,50],[100001,200000,300],[200001,300000,200]]","[10,1,100,1,1000,10,10000,100,100000,30]"
4525,​殖民商船宝库​,白色DOWN红色UP,"[[11,15,1000],[16,20,1000],[21,25,50],[26,30,50]]","[[101,500],[102,500],[103,150],[104,100],[105,50],[106,100],[107,200],[108,150],[109,50],[110,150],[201,100],[202,200],[203,150],[204,100],[205,50],[206,500],[207,500],[208,50],[209,300],[301,150]]","[[2001,5000,1],[5001,10000,1],[10000,20000,1],[20001,50000,1],[50001,100000,50],[100001,200000,300],[200001,300000,200]]","[10,1,100,1,1000,10,10000,100,100000,30]"
4526,​探险家座舰资料库​,白色DOWN红色UP,"[[11,15,1000],[16,20,1000],[21,25,50],[26,30,50]]","[[101,50],[102,50],[103,150],[104,100],[105,50],[106,50],[107,200],[108,150],[109,50],[110,150],[201,100],[202,200],[203,150],[204,100],[205,50],[206,500],[207,150],[208,50],[209,300],[301,150]]","[[2001,5000,1],[5001,10000,1],[10000,20000,1],[20001,50000,1],[50001,100000,50],[100001,200000,300],[200001,300000,200]]","[10,1,100,1,1000,10,10000,100,100000,30]"
4527,​皇家御用货舱​,白色DOWN红色UP,"[[11,15,1000],[16,20,1000],[21,25,50],[26,30,50]]","[[101,50],[102,500],[103,150],[104,100],[105,50],[106,50],[107,200],[108,150],[109,50],[110,150],[201,100],[202,200],[203,150],[204,100],[205,50],[206,50],[207,100],[208,50],[209,300],[301,150]]","[[2001,5000,1],[5001,10000,1],[10000,20000,1],[20001,50000,1],[50001,100000,50],[100001,200000,300],[200001,300000,200]]","[10,1,100,1,1000,10,10000,100,100000,30]"
4528,​生物实验室样本库​,白色DOWN红色UP,"[[11,15,1000],[16,20,1000],[21,25,50],[26,30,50]]","[[101,50],[102,50],[103,150],[104,100],[105,50],[106,50],[107,200],[108,150],[109,500],[110,150],[201,100],[202,200],[203,150],[204,100],[205,50],[206,50],[207,100],[208,50],[209,300],[301,150]]","[[2001,5000,1],[5001,10000,1],[10000,20000,1],[20001,50000,1],[50001,100000,50],[100001,200000,300],[200001,300000,200]]","[10,1,100,1,1000,10,10000,100,100000,30]"
4529,​私掠船军火舱​,白色DOWN红色UP,"[[11,15,1000],[16,20,1000],[21,25,50],[26,30,50]]","[[101,50],[102,50],[103,150],[104,100],[105,50],[106,50],[107,200],[108,150],[109,50],[110,150],[201,100],[202,200],[203,150],[204,100],[205,500],[206,50],[207,100],[208,50],[209,300],[301,150]]","[[2001,5000,1],[5001,10000,1],[10000,20000,1],[20001,50000,1],[50001,100000,50],[100001,200000,300],[200001,300000,200]]","[10,1,100,1,1000,10,10000,100,100000,30]"
4530,​现代货轮娱乐库​,白色DOWN红色UP,"[[11,15,1000],[16,20,1000],[21,25,50],[26,30,50]]","[[101,50],[102,500],[103,150],[104,100],[105,500],[106,300],[107,200],[108,150],[109,50],[110,150],[201,100],[202,200],[203,150],[204,100],[205,50],[206,50],[207,100],[208,50],[209,300],[301,150]]","[[2001,5000,1],[5001,10000,1],[10000,20000,1],[20001,50000,1],[50001,100000,50],[100001,200000,300],[200001,300000,200]]","[10,1,100,1,1000,10,10000,100,100000,30]"
